-- phpMyAdmin SQL Dump
-- version 5.0.2
-- https://www.phpmyadmin.net/
--
-- Host: 127.0.0.1
-- Generation Time: Jan 07, 2021 at 01:56 PM
-- Server version: 10.4.14-MariaDB
-- PHP Version: 7.4.9

SET SQL_MODE = "NO_AUTO_VALUE_ON_ZERO";
START TRANSACTION;
SET time_zone = "+00:00";


/*!40101 SET @OLD_CHARACTER_SET_CLIENT=@@CHARACTER_SET_CLIENT */;
/*!40101 SET @OLD_CHARACTER_SET_RESULTS=@@CHARACTER_SET_RESULTS */;
/*!40101 SET @OLD_COLLATION_CONNECTION=@@COLLATION_CONNECTION */;
/*!40101 SET NAMES utf8mb4 */;

--
-- Database: `skr_nita2`
--

-- --------------------------------------------------------

--
-- Table structure for table `migrations`
--

CREATE TABLE `migrations` (
  `id` int(10) UNSIGNED NOT NULL,
  `migration` varchar(255) COLLATE utf8mb4_unicode_ci NOT NULL,
  `batch` int(11) NOT NULL
) ENGINE=InnoDB DEFAULT CHARSET=utf8mb4 COLLATE=utf8mb4_unicode_ci;

--
-- Dumping data for table `migrations`
--

INSERT INTO `migrations` (`id`, `migration`, `batch`) VALUES
(7, '2020_09_29_171141_tbl_kurikulum', 1),
(15, '2020_09_29_171729_tbl_tahun_akademik', 1),
(22, '2020_10_08_201021_modify_to_tbl_guru_table', 2),
(23, '2020_10_10_054211_add_tingkatan_to_table_tingkatan', 3),
(26, '2020_10_10_194731_add_column_to_table_tbl_user', 6),
(27, '2020_10_10_195648_add_foto_to_users', 7),
(30, '2014_10_12_000000_create_users_table', 8),
(31, '2014_10_12_100000_create_password_resets_table', 8);

-- --------------------------------------------------------

--
-- Table structure for table `password_resets`
--

CREATE TABLE `password_resets` (
  `email` varchar(255) COLLATE utf8mb4_unicode_ci NOT NULL,
  `token` varchar(255) COLLATE utf8mb4_unicode_ci NOT NULL,
  `created_at` timestamp NULL DEFAULT NULL
) ENGINE=InnoDB DEFAULT CHARSET=utf8mb4 COLLATE=utf8mb4_unicode_ci;

-- --------------------------------------------------------

--
-- Table structure for table `tabel_menu`
--

CREATE TABLE `tabel_menu` (
  `id` bigint(20) UNSIGNED NOT NULL,
  `nama_menu` varchar(50) COLLATE utf8mb4_unicode_ci NOT NULL,
  `link` varchar(50) COLLATE utf8mb4_unicode_ci NOT NULL,
  `icon` varchar(25) COLLATE utf8mb4_unicode_ci NOT NULL,
  `is_main_menu` int(11) NOT NULL,
  `created_at` timestamp NULL DEFAULT NULL,
  `updated_at` timestamp NULL DEFAULT NULL
) ENGINE=InnoDB DEFAULT CHARSET=utf8mb4 COLLATE=utf8mb4_unicode_ci;

--
-- Dumping data for table `tabel_menu`
--

INSERT INTO `tabel_menu` (`id`, `nama_menu`, `link`, `icon`, `is_main_menu`, `created_at`, `updated_at`) VALUES
(1, 'Siswa', 'siswa', 'fa fa-users', 0, NULL, NULL),
(2, 'Data Guru', 'guru', 'fa fa-user-circle', 0, NULL, NULL),
(3, 'Data Master', '#', 'fa fa-bars', 0, NULL, NULL),
(4, 'Mata Pelajara', 'mapel', 'fa fa-book', 3, NULL, NULL),
(5, 'Ruangan Kelas', 'ruangan', 'fa fa-building', 3, NULL, NULL),
(6, 'Tingkat Kelas', 'tingkatan', 'fa fa-sitemap', 3, NULL, NULL),
(7, 'Jurusan', 'jurusan', 'fa fa-large', 3, NULL, NULL),
(8, 'Tahun Akademik', 'tahunakademik', 'fa fa-calender-check-o', 3, NULL, NULL),
(9, 'Kelas', 'kelas', 'fa fa-cubes', 3, NULL, NULL),
(10, 'Kurikulum', 'kurikulum', 'fa fa-list', 3, NULL, NULL),
(11, 'Jadwal Pelajaran', 'jadwal', 'fa fa-calendar-plus-o', 0, NULL, NULL),
(12, 'Peserta Didik', 'siswa/aktif', 'fa fa-users', 0, NULL, NULL),
(13, 'Wali Kelas', 'walikelas', 'fa fa-user-plus', 0, NULL, NULL),
(14, 'Pengguna Sistem', 'user', 'fa fa-id-badge', 0, NULL, NULL),
(15, 'Menu', 'menu', 'fa fa-list', 0, NULL, NULL),
(16, 'Form Pembayaran', 'pembayaran', 'fa fa-dollar', 0, NULL, NULL),
(17, 'Nilai Akhir', 'nilai', 'fa fa-archive', 0, NULL, NULL),
(18, 'Laporan Nilai', 'laporan_nilai', 'fa fa-pdf-o', 0, NULL, NULL),
(19, 'Lihat Rapot', 'siswa/nilai_siswa_lihat', 'fa fa-pdf-o', 0, NULL, NULL),
(20, 'Profile', 'siswa/loginSiswa', 'fa fa-circle', 0, NULL, NULL),
(21, 'Approve Nilai', 'laporan_nilai/kepsek_lihat', 'fa fa-square-o', 0, NULL, NULL),
(25, 'Riwayat Kelas', 'laporan_nilai/riwayat', 'fa fa-history', 0, '2020-11-26 23:38:57', '2020-11-27 01:20:27');

-- --------------------------------------------------------

--
-- Table structure for table `tbl_agama`
--

CREATE TABLE `tbl_agama` (
  `kd_agama` bigint(20) UNSIGNED NOT NULL,
  `nama_agama` varchar(30) COLLATE utf8mb4_unicode_ci NOT NULL,
  `created_at` timestamp NULL DEFAULT NULL,
  `updated_at` timestamp NULL DEFAULT NULL
) ENGINE=InnoDB DEFAULT CHARSET=utf8mb4 COLLATE=utf8mb4_unicode_ci;

--
-- Dumping data for table `tbl_agama`
--

INSERT INTO `tbl_agama` (`kd_agama`, `nama_agama`, `created_at`, `updated_at`) VALUES
(1, 'ISLAM', NULL, NULL),
(2, 'KRISTEN / PROTESTAN', NULL, NULL),
(3, 'KATHOLIK', NULL, NULL),
(4, 'HINDU', NULL, NULL),
(5, 'BUDHA', NULL, NULL),
(6, 'KONG HU CHU', NULL, NULL);

-- --------------------------------------------------------

--
-- Table structure for table `tbl_guru`
--

CREATE TABLE `tbl_guru` (
  `id_guru` bigint(20) UNSIGNED NOT NULL,
  `nuptk` varchar(16) COLLATE utf8mb4_unicode_ci NOT NULL,
  `nama_guru` varchar(40) COLLATE utf8mb4_unicode_ci NOT NULL,
  `jenis_kelamin` enum('P','W') COLLATE utf8mb4_unicode_ci NOT NULL,
  `tempat_lahir` varchar(30) COLLATE utf8mb4_unicode_ci NOT NULL,
  `tanggal_lahir` date NOT NULL,
  `alamat_guru` varchar(100) COLLATE utf8mb4_unicode_ci NOT NULL,
  `status` varchar(20) COLLATE utf8mb4_unicode_ci NOT NULL,
  `pendidikan_terakhir` varchar(20) COLLATE utf8mb4_unicode_ci NOT NULL,
  `tahun` int(11) NOT NULL,
  `no_telp` varchar(15) COLLATE utf8mb4_unicode_ci NOT NULL,
  `foto` varchar(255) COLLATE utf8mb4_unicode_ci DEFAULT NULL,
  `email` varchar(255) COLLATE utf8mb4_unicode_ci NOT NULL,
  `password` varchar(255) COLLATE utf8mb4_unicode_ci NOT NULL,
  `created_at` timestamp NULL DEFAULT NULL,
  `updated_at` timestamp NULL DEFAULT NULL
) ENGINE=InnoDB DEFAULT CHARSET=utf8mb4 COLLATE=utf8mb4_unicode_ci;

--
-- Dumping data for table `tbl_guru`
--

INSERT INTO `tbl_guru` (`id_guru`, `nuptk`, `nama_guru`, `jenis_kelamin`, `tempat_lahir`, `tanggal_lahir`, `alamat_guru`, `status`, `pendidikan_terakhir`, `tahun`, `no_telp`, `foto`, `email`, `password`, `created_at`, `updated_at`) VALUES
(0, 'default', 'default', '', '', '0000-00-00', '', 'Aktif', '', 0, '', '', '', '', NULL, NULL),
(5, '123', 'asasd', 'P', 'asdasd', '2020-10-18', 'easdasd', 'asd', 's1', 2020, '1231231231', 'asdasdasd', 'asdads@easdas.com', '123456', NULL, NULL),
(6, '123123123', 'Guru', 'P', 'Tempat', '1990-01-01', 'Jln', 'Aktif', 'S1', 1998, '123123123123', NULL, 'jendskuy@gmail.com', 'gwganteng01', '2020-10-20 21:19:57', '2020-10-20 21:19:57'),
(7, '123123123', 'Guru', 'P', 'Tempat', '1990-01-01', 'Jln', 'Aktif', 'S1', 1998, '123123123123', NULL, 'jendskuy@gmail.com', 'gwganteng01', '2020-10-20 21:21:24', '2020-10-20 21:21:24'),
(8, '123123123', 'Moch Iksan. S.Pd', 'P', 'Tempat', '1995-12-11', 'Jln', 'Aktif', 'S1', 1998, '123123123123', 'Guru/mUg3y8PLsuNJ5KtD2OW8Ubg1s8R1GTgPWX7gsLaw.jpeg', 'jenjenjend@gmail.com', 'gwganteng01', '2020-10-20 21:22:50', '2020-10-20 21:24:52'),
(9, '111', 'Moch Iksan. S.Pd', 'P', 'Tempat', '1965-01-01', 'Jln', 'Aktif', 'S1', 1998, '123123123123', NULL, 'guru@gmail.com', '123123', '2020-10-22 23:47:45', '2020-10-22 23:47:45'),
(10, '123123123', 'Moch Iksan. S.Pd', 'P', 'Tempat', '1998-12-01', 'Jln', 'Aktif', 'S1', 1998, '123123123123', NULL, 'guru@gmail.com', '123123', '2020-10-22 23:49:55', '2020-10-22 23:49:55'),
(11, '111', 'Guru', 'P', 'Jakarta', '1998-12-08', 'Jln', 'Aktif', 'S1', 1998, '123123123', NULL, 'guru1@gmail.com', '123123', '2020-10-26 06:48:52', '2020-10-26 06:48:52'),
(12, '123123123', 'Walikelas', 'P', 'Jakarta', '1980-05-13', 'Jl', 'Aktif', 'S1', 1998, '123123123123', NULL, 'walikelas@gmail.com', '123123', '2020-11-21 23:36:58', '2020-11-21 23:36:58');

-- --------------------------------------------------------

--
-- Table structure for table `tbl_jadwal`
--

CREATE TABLE `tbl_jadwal` (
  `id_jadwal` bigint(20) UNSIGNED NOT NULL,
  `id_tahun_akademik` int(11) NOT NULL,
  `semester` varchar(10) COLLATE utf8mb4_unicode_ci NOT NULL,
  `kd_jurusan` varchar(5) COLLATE utf8mb4_unicode_ci NOT NULL,
  `kd_tingkatan` varchar(5) COLLATE utf8mb4_unicode_ci NOT NULL,
  `kd_kelas` varchar(10) COLLATE utf8mb4_unicode_ci NOT NULL,
  `kd_mapel` varchar(5) COLLATE utf8mb4_unicode_ci NOT NULL,
  `id_guru` int(11) NOT NULL,
  `jam` varchar(30) COLLATE utf8mb4_unicode_ci NOT NULL,
  `kd_ruangan` varchar(10) COLLATE utf8mb4_unicode_ci NOT NULL,
  `hari` varchar(10) COLLATE utf8mb4_unicode_ci NOT NULL,
  `created_at` timestamp NULL DEFAULT NULL,
  `updated_at` timestamp NULL DEFAULT NULL
) ENGINE=InnoDB DEFAULT CHARSET=utf8mb4 COLLATE=utf8mb4_unicode_ci;

--
-- Dumping data for table `tbl_jadwal`
--

INSERT INTO `tbl_jadwal` (`id_jadwal`, `id_tahun_akademik`, `semester`, `kd_jurusan`, `kd_tingkatan`, `kd_kelas`, `kd_mapel`, `id_guru`, `jam`, `kd_ruangan`, `hari`, `created_at`, `updated_at`) VALUES
(32, 2, 'ganjil', 'IPA', '001', 'IPAX1', 'B.IND', 11, '10.30-11.45', 'R.IPAX1', 'Senin', '2020-10-15 11:05:28', '2020-11-05 12:43:43'),
(33, 2, 'ganjil', 'IPA', '001', 'IPAX1', 'B.ING', 11, '06.30-07.15', 'R.IPAX1', 'Senin', '2020-10-15 22:03:00', '2020-11-05 12:41:30'),
(34, 2, 'ganjil', 'IPA', '001', 'IPAX1', 'AGM', 11, '08.00-08.45', 'R.IPAX1', 'Senin', '2020-10-15 22:06:40', '2020-11-05 12:28:18'),
(35, 2, 'ganjil', 'IPA', '001', 'IPAX1', 'B.IND', 11, '08.00-08.45', 'R.IPAX1', 'Senin', '2020-10-15 22:06:40', '2020-11-05 12:29:09'),
(43, 9, 'ganjil', 'IPA', '001', 'IPAX1', 'AGM', 11, '08.00-08.45', 'R.IPAX1', 'Senin', '2020-10-29 20:09:23', '2020-11-05 12:28:09'),
(44, 9, 'ganjil', 'IPA', '001', 'IPAX1', 'B.IND', 0, ' ', '000', 'Senin', '2020-10-29 20:09:23', '2020-11-05 12:36:59'),
(45, 9, 'ganjil', 'IPA', '001', 'IPAX1', 'B.ING', 0, ' ', '000', 'Selasa', '2020-10-29 20:09:23', '2020-11-05 12:30:02'),
(46, 9, 'ganjil', 'IPA', '001', 'IPAX1', 'AGM', 0, ' ', '000', ' ', '2020-10-29 20:30:45', '2020-10-29 20:30:45'),
(47, 9, 'ganjil', 'IPA', '001', 'IPAX1', 'B.IND', 0, ' ', '000', ' ', '2020-10-29 20:30:46', '2020-10-29 20:30:46'),
(48, 9, 'ganjil', 'IPA', '001', 'IPAX1', 'B.ING', 0, ' ', '000', ' ', '2020-10-29 20:30:46', '2020-10-29 20:30:46'),
(49, 9, 'ganjil', 'IPA', '001', 'IPAX1', 'AGM', 0, ' ', '000', ' ', '2020-10-29 20:30:46', '2020-10-29 20:30:46'),
(50, 9, 'ganjil', 'IPA', '002', 'IPAXI1', 'AGM', 0, ' ', '000', ' ', '2020-10-29 20:30:46', '2020-10-29 20:30:46'),
(51, 9, 'ganjil', 'IPA', '002', 'IPAXI1', 'B.IND', 0, ' ', '000', ' ', '2020-10-29 20:30:46', '2020-10-29 20:30:46'),
(52, 9, 'ganjil', 'IPA', '002', 'IPAXI1', 'B.ING', 0, ' ', '000', ' ', '2020-10-29 20:30:46', '2020-10-29 20:30:46'),
(53, 9, 'ganjil', 'IPA', '001', 'IPAX1', 'AGM', 0, ' ', '000', ' ', '2020-10-29 20:35:56', '2020-10-29 20:35:56'),
(54, 9, 'ganjil', 'IPA', '001', 'IPAX1', 'AGM', 0, ' ', '000', ' ', '2020-10-29 20:36:58', '2020-10-29 20:36:58'),
(55, 9, 'ganjil', 'IPA', '001', 'IPAX1', 'AGM', 0, ' ', '000', ' ', '2020-10-29 20:38:08', '2020-10-29 20:38:08'),
(56, 9, 'ganjil', 'IPA', '001', 'IPAX1', 'AGM', 0, ' ', '000', ' ', '2020-10-29 20:39:07', '2020-10-29 20:39:07'),
(57, 9, 'ganjil', 'IPA', '001', 'IPAX1', 'AGM', 0, ' ', '000', ' ', '2020-10-29 20:40:27', '2020-10-29 20:40:27'),
(58, 9, 'ganjil', 'IPA', '001', 'IPAX1', 'AGM', 0, ' ', '000', ' ', '2020-10-29 20:47:49', '2020-10-29 20:47:49'),
(59, 9, 'ganjil', 'IPA', '001', 'IPAX1', 'AGM', 0, ' ', '000', ' ', '2020-10-29 21:11:07', '2020-10-29 21:11:07'),
(60, 9, 'ganjil', 'IPA', '001', 'IPAX1', 'AGM', 0, ' ', '000', ' ', '2020-10-29 21:13:58', '2020-10-29 21:13:58'),
(61, 9, 'ganjil', 'IPA', '001', 'IPAX1', 'AGM', 0, ' ', '000', ' ', '2020-10-29 21:15:34', '2020-10-29 21:15:34'),
(62, 9, 'ganjil', 'IPA', '001', 'IPAX1', 'AGM', 11, ' ', '000', ' ', '2020-10-29 21:17:54', '2020-10-29 21:23:27'),
(63, 9, 'ganjil', 'IPA', '001', 'IPAX1', 'B.IND', 0, ' ', '000', ' ', '2020-10-29 21:17:54', '2020-10-29 21:17:54'),
(64, 9, 'ganjil', 'IPA', '001', 'IPAX1', 'B.ING', 0, ' ', '000', ' ', '2020-10-29 21:17:54', '2020-10-29 21:17:54'),
(65, 9, 'ganjil', 'IPA', '001', 'IPAX1', 'AGM', 0, ' ', '000', ' ', '2020-10-29 21:17:54', '2020-10-29 21:17:54'),
(66, 9, 'ganjil', 'IPA', '002', 'IPAXI1', 'AGM', 0, ' ', '000', ' ', '2020-10-29 21:17:54', '2020-10-29 21:17:54'),
(67, 9, 'ganjil', 'IPA', '002', 'IPAXI1', 'B.IND', 0, ' ', '000', ' ', '2020-10-29 21:17:54', '2020-10-29 21:17:54'),
(68, 9, 'ganjil', 'IPA', '002', 'IPAXI1', 'B.ING', 0, ' ', '000', ' ', '2020-10-29 21:17:54', '2020-10-29 21:17:54'),
(69, 9, 'ganjil', 'IPA', '001', 'IPAX1', 'AGM', 0, ' ', '000', ' ', '2020-10-29 21:24:52', '2020-10-29 21:24:52'),
(70, 9, 'ganjil', 'IPA', '001', 'IPAX1', 'AGM', 0, ' ', '000', ' ', '2020-10-29 21:26:20', '2020-10-29 21:26:20'),
(71, 9, 'ganjil', 'IPA', '001', 'IPAX1', 'AGM', 0, ' ', '000', ' ', '2020-10-29 21:26:28', '2020-10-29 21:26:28'),
(72, 9, 'ganjil', 'IPA', '001', 'IPAX1', 'B.IND', 0, ' ', '000', ' ', '2020-10-29 21:26:28', '2020-10-29 21:26:28'),
(73, 9, 'ganjil', 'IPA', '001', 'IPAX1', 'B.ING', 0, ' ', '000', ' ', '2020-10-29 21:26:28', '2020-10-29 21:26:28'),
(74, 9, 'ganjil', 'IPA', '001', 'IPAX1', 'AGM', 0, ' ', '000', ' ', '2020-10-29 21:26:28', '2020-10-29 21:26:28'),
(75, 9, 'ganjil', 'IPA', '002', 'IPAXI1', 'AGM', 0, ' ', '000', ' ', '2020-10-29 21:26:28', '2020-10-29 21:26:28'),
(76, 9, 'ganjil', 'IPA', '002', 'IPAXI1', 'B.IND', 0, ' ', '000', ' ', '2020-10-29 21:26:28', '2020-10-29 21:26:28'),
(77, 9, 'ganjil', 'IPA', '002', 'IPAXI1', 'B.ING', 0, ' ', '000', ' ', '2020-10-29 21:26:28', '2020-10-29 21:26:28'),
(78, 9, 'ganjil', 'IPA', '001', 'IPAX1', 'AGM', 0, ' ', '000', ' ', '2020-10-29 21:28:57', '2020-10-29 21:28:57'),
(79, 9, 'ganjil', 'IPA', '001', 'IPAX1', 'B.IND', 0, ' ', '000', ' ', '2020-10-29 21:28:57', '2020-10-29 21:28:57'),
(80, 9, 'ganjil', 'IPA', '001', 'IPAX1', 'B.ING', 0, ' ', '000', ' ', '2020-10-29 21:28:57', '2020-10-29 21:28:57'),
(81, 9, 'ganjil', 'IPA', '001', 'IPAX1', 'AGM', 0, ' ', '000', ' ', '2020-10-29 21:28:58', '2020-10-29 21:28:58'),
(82, 9, 'ganjil', 'IPA', '002', 'IPAXI1', 'AGM', 0, ' ', '000', ' ', '2020-10-29 21:28:58', '2020-10-29 21:28:58'),
(83, 9, 'ganjil', 'IPA', '002', 'IPAXI1', 'B.IND', 0, ' ', '000', ' ', '2020-10-29 21:28:58', '2020-10-29 21:28:58'),
(84, 9, 'ganjil', 'IPA', '002', 'IPAXI1', 'B.ING', 0, ' ', '000', ' ', '2020-10-29 21:28:58', '2020-10-29 21:28:58'),
(85, 9, 'ganjil', 'IPA', '001', 'IPAX1', 'AGM', 0, ' ', '000', ' ', '2020-10-29 21:30:07', '2020-10-29 21:30:07'),
(86, 9, 'ganjil', 'IPA', '001', 'IPAX1', 'AGM', 0, ' ', '000', ' ', '2020-10-29 23:02:40', '2020-10-29 23:02:40'),
(87, 9, 'ganjil', 'IPA', '001', 'IPAX1', 'AGM', 0, ' ', '000', ' ', '2020-10-30 00:54:41', '2020-10-30 00:54:41'),
(88, 9, 'ganjil', 'IPA', '001', 'IPAX1', 'AGM', 0, ' ', '000', ' ', '2020-10-30 01:03:37', '2020-10-30 01:03:37'),
(89, 9, 'ganjil', 'IPA', '001', 'IPAX1', 'B.IND', 11, ' ', '000', ' ', '2020-10-30 01:03:38', '2020-10-30 01:10:31'),
(90, 9, 'ganjil', 'IPA', '001', 'IPAX1', 'B.ING', 11, ' ', '000', ' ', '2020-10-30 01:03:41', '2020-10-30 01:10:34'),
(91, 9, 'ganjil', 'IPA', '001', 'IPAX1', 'AGM', 11, ' ', '000', ' ', '2020-10-30 01:03:42', '2020-10-30 01:10:36'),
(92, 9, 'ganjil', 'IPA', '002', 'IPAXI1', 'AGM', 0, ' ', '000', ' ', '2020-10-30 01:03:44', '2020-10-30 01:03:44'),
(93, 9, 'ganjil', 'IPA', '002', 'IPAXI1', 'B.IND', 0, ' ', '000', ' ', '2020-10-30 01:03:44', '2020-10-30 01:03:44'),
(94, 9, 'ganjil', 'IPA', '002', 'IPAXI1', 'B.ING', 0, ' ', '000', ' ', '2020-10-30 01:03:45', '2020-10-30 01:03:45'),
(95, 9, 'ganjil', 'IPA', '001', 'IPAX1', 'AGM', 0, ' ', '000', ' ', '2020-11-15 11:40:31', '2020-11-15 11:40:31'),
(96, 9, 'ganjil', 'IPA', '001', 'IPAX1', 'B.IND', 0, ' ', '000', ' ', '2020-11-15 11:40:32', '2020-11-15 11:40:32'),
(97, 9, 'ganjil', 'IPA', '001', 'IPAX1', 'B.ING', 0, ' ', '000', ' ', '2020-11-15 11:40:32', '2020-11-15 11:40:32'),
(98, 9, 'ganjil', 'IPA', '001', 'IPAX1', 'AGM', 0, ' ', '000', ' ', '2020-11-15 11:40:33', '2020-11-15 11:40:33'),
(99, 9, 'ganjil', 'IPA', '002', 'IPAXI1', 'AGM', 0, ' ', '000', ' ', '2020-11-15 11:40:34', '2020-11-15 11:40:34'),
(100, 9, 'ganjil', 'IPA', '002', 'IPAXI1', 'B.IND', 0, ' ', '000', ' ', '2020-11-15 11:40:34', '2020-11-15 11:40:34'),
(101, 9, 'ganjil', 'IPA', '002', 'IPAXI1', 'B.ING', 0, ' ', '000', ' ', '2020-11-15 11:40:34', '2020-11-15 11:40:34'),
(102, 9, 'ganjil', 'IPA', '001', 'IPAX1', 'AGM', 0, ' ', '000', ' ', '2020-11-15 11:52:53', '2020-11-15 11:52:53'),
(103, 9, 'ganjil', 'IPA', '001', 'IPAX1', 'B.IND', 0, ' ', '000', ' ', '2020-11-15 11:52:54', '2020-11-15 11:52:54'),
(104, 9, 'ganjil', 'IPA', '001', 'IPAX1', 'B.ING', 0, ' ', '000', ' ', '2020-11-15 11:52:54', '2020-11-15 11:52:54'),
(105, 9, 'ganjil', 'IPA', '001', 'IPAX1', 'AGM', 0, ' ', '000', ' ', '2020-11-15 11:52:55', '2020-11-15 11:52:55'),
(106, 9, 'ganjil', 'IPA', '002', 'IPAXI1', 'AGM', 0, ' ', '000', ' ', '2020-11-15 11:52:55', '2020-11-15 11:52:55'),
(107, 9, 'ganjil', 'IPA', '002', 'IPAXI1', 'B.IND', 0, ' ', '000', ' ', '2020-11-15 11:52:55', '2020-11-15 11:52:55'),
(108, 9, 'ganjil', 'IPA', '002', 'IPAXI1', 'B.ING', 0, ' ', '000', ' ', '2020-11-15 11:52:55', '2020-11-15 11:52:55'),
(109, 15, 'ganjil', 'IPA', '001', 'IPAX1', 'AGM', 0, ' ', '000', ' ', '2020-11-28 09:53:02', '2020-11-28 09:53:02'),
(110, 15, 'ganjil', 'IPA', '001', 'IPAX1', 'B.IND', 0, ' ', '000', ' ', '2020-11-28 09:53:04', '2020-11-28 09:53:04'),
(111, 15, 'ganjil', 'IPA', '001', 'IPAX1', 'B.ING', 0, ' ', '000', ' ', '2020-11-28 09:53:06', '2020-11-28 09:53:06'),
(112, 15, 'ganjil', 'IPA', '001', 'IPAX1', 'AGM', 0, ' ', '000', ' ', '2020-11-28 09:53:08', '2020-11-28 09:53:08'),
(113, 15, 'ganjil', 'IPA', '002', 'IPAXI1', 'AGM', 0, ' ', '000', ' ', '2020-11-28 09:53:09', '2020-11-28 09:53:09'),
(114, 15, 'ganjil', 'IPA', '002', 'IPAXI1', 'B.IND', 0, ' ', '000', ' ', '2020-11-28 09:53:12', '2020-11-28 09:53:12'),
(115, 15, 'ganjil', 'IPA', '002', 'IPAXI1', 'B.ING', 0, ' ', '000', ' ', '2020-11-28 09:53:15', '2020-11-28 09:53:15');

-- --------------------------------------------------------

--
-- Table structure for table `tbl_jurusan`
--

CREATE TABLE `tbl_jurusan` (
  `kd_jurusan` varchar(5) COLLATE utf8mb4_unicode_ci NOT NULL,
  `nama_jurusan` varchar(30) COLLATE utf8mb4_unicode_ci NOT NULL,
  `created_at` timestamp NULL DEFAULT NULL,
  `updated_at` timestamp NULL DEFAULT NULL
) ENGINE=InnoDB DEFAULT CHARSET=utf8mb4 COLLATE=utf8mb4_unicode_ci;

--
-- Dumping data for table `tbl_jurusan`
--

INSERT INTO `tbl_jurusan` (`kd_jurusan`, `nama_jurusan`, `created_at`, `updated_at`) VALUES
('IPA', 'Ilmu Pengetahuan Alam', '2020-10-09 23:29:58', '2020-10-09 23:29:58'),
('IPS', 'Ilmu Pengetahuan Sosial', '2020-10-09 23:31:21', '2020-10-09 23:31:21');

-- --------------------------------------------------------

--
-- Table structure for table `tbl_kelas`
--

CREATE TABLE `tbl_kelas` (
  `kd_kelas` varchar(10) NOT NULL,
  `nama_kelas` varchar(30) NOT NULL,
  `kd_tingkatan` varchar(5) NOT NULL,
  `kd_jurusan` varchar(5) NOT NULL,
  `created_at` timestamp NULL DEFAULT NULL,
  `updated_at` timestamp NULL DEFAULT NULL,
  `kd_ruangan` varchar(10) DEFAULT NULL
) ENGINE=InnoDB DEFAULT CHARSET=utf8mb4;

--
-- Dumping data for table `tbl_kelas`
--

INSERT INTO `tbl_kelas` (`kd_kelas`, `nama_kelas`, `kd_tingkatan`, `kd_jurusan`, `created_at`, `updated_at`, `kd_ruangan`) VALUES
('IPAX1', 'X IPA 1', '001', 'IPA', NULL, NULL, 'R.IPAX1'),
('IPAX2', 'X IPA 2', '001', 'IPA', NULL, NULL, 'R.IPAX2'),
('IPAXI1', 'XI IPA 1', '002', 'IPA', NULL, NULL, 'R.IPAXI1'),
('IPAXI2', 'XI IPA 2', '002', 'IPA', NULL, NULL, 'R.IPAXI2'),
('IPAXII', 'XII IPA', '003', 'IPA', NULL, NULL, 'R.IPAXII'),
('IPSX1', 'X IPS 1', '001', 'IPS', NULL, NULL, NULL),
('IPSX2', 'X IPS 2', '001', 'IPS', NULL, NULL, NULL),
('IPSXI', 'XI IPS', '002', 'IPS', NULL, NULL, NULL),
('IPSXII', 'XII IPS', '003', 'IPS', NULL, NULL, NULL);

-- --------------------------------------------------------

--
-- Table structure for table `tbl_kurikulum`
--

CREATE TABLE `tbl_kurikulum` (
  `id_kurikulum` bigint(20) UNSIGNED NOT NULL,
  `nama_kurikulum` varchar(30) COLLATE utf8mb4_unicode_ci NOT NULL,
  `is_aktif` enum('Aktif','Tidak Aktif') COLLATE utf8mb4_unicode_ci NOT NULL,
  `created_at` timestamp NULL DEFAULT NULL,
  `updated_at` timestamp NULL DEFAULT NULL
) ENGINE=InnoDB DEFAULT CHARSET=utf8mb4 COLLATE=utf8mb4_unicode_ci;

--
-- Dumping data for table `tbl_kurikulum`
--

INSERT INTO `tbl_kurikulum` (`id_kurikulum`, `nama_kurikulum`, `is_aktif`, `created_at`, `updated_at`) VALUES
(1, 'Kurikulum 2013 (KTSP)', 'Aktif', '2020-10-10 10:13:26', '2020-10-10 10:28:12'),
(2, 'Kurikulum 2006 (KTSP)', 'Tidak Aktif', '2020-10-10 10:28:31', '2020-10-10 10:28:31');

-- --------------------------------------------------------

--
-- Table structure for table `tbl_kurikulum_detail`
--

CREATE TABLE `tbl_kurikulum_detail` (
  `id_kurikulum_detail` bigint(20) UNSIGNED NOT NULL,
  `id_kurikulum` int(11) NOT NULL,
  `kd_mapel` varchar(8) COLLATE utf8mb4_unicode_ci NOT NULL,
  `kd_jurusan` varchar(5) COLLATE utf8mb4_unicode_ci NOT NULL,
  `kd_tingkatan` varchar(5) COLLATE utf8mb4_unicode_ci NOT NULL,
  `created_at` timestamp NULL DEFAULT NULL,
  `updated_at` timestamp NULL DEFAULT NULL
) ENGINE=InnoDB DEFAULT CHARSET=utf8mb4 COLLATE=utf8mb4_unicode_ci;

--
-- Dumping data for table `tbl_kurikulum_detail`
--

INSERT INTO `tbl_kurikulum_detail` (`id_kurikulum_detail`, `id_kurikulum`, `kd_mapel`, `kd_jurusan`, `kd_tingkatan`, `created_at`, `updated_at`) VALUES
(1, 1, 'AGM', 'IPA', '001', NULL, NULL),
(2, 1, 'B.IND', 'IPA', '001', NULL, NULL),
(3, 2, 'B.ING', 'IPA', '001', '2020-10-11 21:02:47', '2020-10-11 21:02:47'),
(4, 1, 'B.ING', 'IPA', '001', '2020-10-29 20:03:20', '2020-10-29 20:03:20'),
(5, 1, 'AGM', 'IPA', '001', '2020-10-29 20:27:39', '2020-10-29 20:27:39'),
(6, 1, 'AGM', 'IPA', '002', '2020-10-29 20:30:08', '2020-10-29 20:30:08'),
(7, 1, 'B.IND', 'IPA', '002', '2020-10-29 20:30:17', '2020-10-29 20:30:17'),
(8, 1, 'B.ING', 'IPA', '002', '2020-10-29 20:30:27', '2020-10-29 20:30:27');

-- --------------------------------------------------------

--
-- Table structure for table `tbl_level_user`
--

CREATE TABLE `tbl_level_user` (
  `id_level_user` bigint(20) UNSIGNED NOT NULL,
  `nama_level` varchar(30) COLLATE utf8mb4_unicode_ci NOT NULL,
  `created_at` timestamp NULL DEFAULT NULL,
  `updated_at` timestamp NULL DEFAULT NULL
) ENGINE=InnoDB DEFAULT CHARSET=utf8mb4 COLLATE=utf8mb4_unicode_ci;

--
-- Dumping data for table `tbl_level_user`
--

INSERT INTO `tbl_level_user` (`id_level_user`, `nama_level`, `created_at`, `updated_at`) VALUES
(1, 'Admin', NULL, NULL),
(2, 'Walikelas', NULL, NULL),
(3, 'Guru', NULL, NULL),
(4, 'Keuangan', NULL, NULL),
(5, 'Siswa', NULL, NULL),
(6, 'Kepala Sekolah', NULL, NULL);

-- --------------------------------------------------------

--
-- Table structure for table `tbl_mapel`
--

CREATE TABLE `tbl_mapel` (
  `kd_mapel` varchar(10) COLLATE utf8mb4_unicode_ci NOT NULL,
  `nama_mapel` varchar(30) COLLATE utf8mb4_unicode_ci NOT NULL,
  `created_at` timestamp NULL DEFAULT NULL,
  `updated_at` timestamp NULL DEFAULT NULL
) ENGINE=InnoDB DEFAULT CHARSET=utf8mb4 COLLATE=utf8mb4_unicode_ci;

--
-- Dumping data for table `tbl_mapel`
--

INSERT INTO `tbl_mapel` (`kd_mapel`, `nama_mapel`, `created_at`, `updated_at`) VALUES
('AGM', 'Agama Siswa', '2020-10-08 15:53:15', '2020-10-09 21:38:50'),
('B.IND', 'Bahasa Indonesia', '2020-10-09 18:49:59', '2020-10-09 18:49:59'),
('B.ING', 'Bahasa Inggris', '2020-10-09 18:50:23', '2020-10-20 21:33:01');

-- --------------------------------------------------------

--
-- Table structure for table `tbl_nilai`
--

CREATE TABLE `tbl_nilai` (
  `id_nilai` bigint(20) UNSIGNED NOT NULL,
  `id_jadwal` int(11) NOT NULL,
  `nilai_tugas` int(11) NOT NULL,
  `nilai_uts` int(11) NOT NULL,
  `nilai_uas` int(11) NOT NULL,
  `nis` varchar(11) COLLATE utf8mb4_unicode_ci NOT NULL,
  `nilai` double(8,2) NOT NULL,
  `status` varchar(50) COLLATE utf8mb4_unicode_ci NOT NULL,
  `created_at` timestamp NULL DEFAULT NULL,
  `updated_at` timestamp NULL DEFAULT NULL
) ENGINE=InnoDB DEFAULT CHARSET=utf8mb4 COLLATE=utf8mb4_unicode_ci;

--
-- Dumping data for table `tbl_nilai`
--

INSERT INTO `tbl_nilai` (`id_nilai`, `id_jadwal`, `nilai_tugas`, `nilai_uts`, `nilai_uas`, `nis`, `nilai`, `status`, `created_at`, `updated_at`) VALUES
(1, 88, 0, 0, 0, '24521', 0.00, '-', '2020-10-30 01:03:37', '2020-10-30 01:03:37'),
(2, 88, 0, 0, 0, '24527', 0.00, '-', '2020-10-30 01:03:38', '2020-10-30 01:03:38'),
(3, 88, 0, 0, 0, '24528', 0.00, '-', '2020-10-30 01:03:38', '2020-10-30 01:03:38'),
(4, 88, 0, 0, 0, '24529', 0.00, '-', '2020-10-30 01:03:38', '2020-10-30 01:03:38'),
(5, 88, 0, 0, 0, '24530', 0.00, '-', '2020-10-30 01:03:38', '2020-10-30 01:03:38'),
(6, 88, 0, 0, 0, '24531', 0.00, '-', '2020-10-30 01:03:38', '2020-10-30 01:03:38'),
(7, 88, 0, 0, 0, '24538', 0.00, '-', '2020-10-30 01:03:38', '2020-10-30 01:03:38'),
(8, 89, 80, 90, 70, '24521', 79.00, '-', '2020-10-30 01:03:38', '2020-10-30 03:31:31'),
(9, 89, 80, 80, 90, '24527', 84.00, '-', '2020-10-30 01:03:39', '2020-10-30 03:32:55'),
(10, 89, 60, 80, 90, '24528', 78.00, '-', '2020-10-30 01:03:39', '2020-10-30 02:19:46'),
(11, 89, 80, 0, 90, '24529', 60.00, '-', '2020-10-30 01:03:40', '2020-10-30 02:20:42'),
(12, 89, 90, 0, 80, '24530', 59.00, '-', '2020-10-30 01:03:40', '2020-10-30 02:33:04'),
(13, 89, 50, 50, 0, '24531', 30.00, '-', '2020-10-30 01:03:40', '2020-10-30 03:31:18'),
(14, 89, 0, 0, 0, '24538', 0.00, '-', '2020-10-30 01:03:41', '2020-10-30 01:03:41'),
(15, 90, 0, 0, 0, '24521', 0.00, '-', '2020-10-30 01:03:41', '2020-10-30 01:03:41'),
(16, 90, 0, 0, 0, '24527', 0.00, '-', '2020-10-30 01:03:42', '2020-10-30 01:03:42'),
(17, 90, 0, 0, 0, '24528', 0.00, '-', '2020-10-30 01:03:42', '2020-10-30 01:03:42'),
(18, 90, 0, 0, 0, '24529', 0.00, '-', '2020-10-30 01:03:42', '2020-10-30 01:03:42'),
(19, 90, 0, 0, 0, '24530', 0.00, '-', '2020-10-30 01:03:42', '2020-10-30 01:03:42'),
(20, 90, 0, 0, 0, '24531', 0.00, '-', '2020-10-30 01:03:42', '2020-10-30 01:03:42'),
(21, 90, 0, 0, 0, '24538', 0.00, '-', '2020-10-30 01:03:42', '2020-10-30 01:03:42'),
(22, 91, 0, 0, 0, '24521', 0.00, '-', '2020-10-30 01:03:43', '2020-10-30 01:03:43'),
(23, 91, 0, 0, 0, '24527', 0.00, '-', '2020-10-30 01:03:43', '2020-10-30 01:03:43'),
(24, 91, 0, 0, 0, '24528', 0.00, '-', '2020-10-30 01:03:43', '2020-10-30 01:03:43'),
(25, 91, 0, 0, 0, '24529', 0.00, '-', '2020-10-30 01:03:43', '2020-10-30 01:03:43'),
(26, 91, 0, 0, 0, '24530', 0.00, '-', '2020-10-30 01:03:43', '2020-10-30 01:03:43'),
(27, 91, 0, 0, 0, '24531', 0.00, '-', '2020-10-30 01:03:44', '2020-10-30 01:03:44'),
(28, 91, 0, 0, 0, '24538', 0.00, '-', '2020-10-30 01:03:44', '2020-10-30 01:03:44'),
(29, 95, 0, 0, 0, '24521', 38.00, '-', '2020-11-15 11:40:31', '2020-11-15 11:40:31'),
(30, 95, 0, 0, 0, '24527', 38.00, '-', '2020-11-15 11:40:31', '2020-11-15 11:40:31'),
(31, 95, 0, 0, 0, '24528', 38.00, '-', '2020-11-15 11:40:31', '2020-11-15 11:40:31'),
(32, 95, 0, 0, 0, '24529', 38.00, '-', '2020-11-15 11:40:31', '2020-11-15 11:40:31'),
(33, 95, 0, 0, 0, '24530', 38.00, '-', '2020-11-15 11:40:31', '2020-11-15 11:40:31'),
(34, 95, 0, 0, 0, '24531', 38.00, '-', '2020-11-15 11:40:31', '2020-11-15 11:40:31'),
(35, 95, 0, 0, 0, '24538', 38.00, '-', '2020-11-15 11:40:31', '2020-11-15 11:40:31'),
(36, 96, 0, 0, 0, '24521', 38.00, '-', '2020-11-15 11:40:32', '2020-11-15 11:40:32'),
(37, 96, 0, 0, 0, '24527', 38.00, '-', '2020-11-15 11:40:32', '2020-11-15 11:40:32'),
(38, 96, 0, 0, 0, '24528', 38.00, '-', '2020-11-15 11:40:32', '2020-11-15 11:40:32'),
(39, 96, 0, 0, 0, '24529', 38.00, '-', '2020-11-15 11:40:32', '2020-11-15 11:40:32'),
(40, 96, 0, 0, 0, '24530', 38.00, '-', '2020-11-15 11:40:32', '2020-11-15 11:40:32'),
(41, 96, 0, 0, 0, '24531', 38.00, '-', '2020-11-15 11:40:32', '2020-11-15 11:40:32'),
(42, 96, 0, 0, 0, '24538', 38.00, '-', '2020-11-15 11:40:32', '2020-11-15 11:40:32'),
(43, 97, 0, 0, 0, '24521', 38.00, '-', '2020-11-15 11:40:32', '2020-11-15 11:40:32'),
(44, 97, 0, 0, 0, '24527', 38.00, '-', '2020-11-15 11:40:32', '2020-11-15 11:40:32'),
(45, 97, 0, 0, 0, '24528', 38.00, '-', '2020-11-15 11:40:32', '2020-11-15 11:40:32'),
(46, 97, 0, 0, 0, '24529', 38.00, '-', '2020-11-15 11:40:33', '2020-11-15 11:40:33'),
(47, 97, 0, 0, 0, '24530', 38.00, '-', '2020-11-15 11:40:33', '2020-11-15 11:40:33'),
(48, 97, 0, 0, 0, '24531', 38.00, '-', '2020-11-15 11:40:33', '2020-11-15 11:40:33'),
(49, 97, 0, 0, 0, '24538', 38.00, '-', '2020-11-15 11:40:33', '2020-11-15 11:40:33'),
(50, 98, 0, 0, 0, '24521', 38.00, '-', '2020-11-15 11:40:33', '2020-11-15 11:40:33'),
(51, 98, 0, 0, 0, '24527', 38.00, '-', '2020-11-15 11:40:33', '2020-11-15 11:40:33'),
(52, 98, 0, 0, 0, '24528', 38.00, '-', '2020-11-15 11:40:34', '2020-11-15 11:40:34'),
(53, 98, 0, 0, 0, '24529', 38.00, '-', '2020-11-15 11:40:34', '2020-11-15 11:40:34'),
(54, 98, 0, 0, 0, '24530', 38.00, '-', '2020-11-15 11:40:34', '2020-11-15 11:40:34'),
(55, 98, 0, 0, 0, '24531', 38.00, '-', '2020-11-15 11:40:34', '2020-11-15 11:40:34'),
(56, 98, 0, 0, 0, '24538', 38.00, '-', '2020-11-15 11:40:34', '2020-11-15 11:40:34'),
(57, 102, 0, 0, 0, '24521', 38.00, '-', '2020-11-15 11:52:53', '2020-11-15 11:52:53'),
(58, 102, 0, 0, 0, '24527', 38.00, '-', '2020-11-15 11:52:53', '2020-11-15 11:52:53'),
(59, 102, 0, 0, 0, '24528', 38.00, '-', '2020-11-15 11:52:53', '2020-11-15 11:52:53'),
(60, 102, 0, 0, 0, '24529', 38.00, '-', '2020-11-15 11:52:53', '2020-11-15 11:52:53'),
(61, 102, 0, 0, 0, '24530', 38.00, '-', '2020-11-15 11:52:53', '2020-11-15 11:52:53'),
(62, 102, 0, 0, 0, '24531', 38.00, '-', '2020-11-15 11:52:54', '2020-11-15 11:52:54'),
(63, 102, 0, 0, 0, '24538', 38.00, '-', '2020-11-15 11:52:54', '2020-11-15 11:52:54'),
(64, 103, 0, 0, 0, '24521', 38.00, '-', '2020-11-15 11:52:54', '2020-11-15 11:52:54'),
(65, 103, 0, 0, 0, '24527', 38.00, '-', '2020-11-15 11:52:54', '2020-11-15 11:52:54'),
(66, 103, 0, 0, 0, '24528', 38.00, '-', '2020-11-15 11:52:54', '2020-11-15 11:52:54'),
(67, 103, 0, 0, 0, '24529', 38.00, '-', '2020-11-15 11:52:54', '2020-11-15 11:52:54'),
(68, 103, 0, 0, 0, '24530', 38.00, '-', '2020-11-15 11:52:54', '2020-11-15 11:52:54'),
(69, 103, 0, 0, 0, '24531', 38.00, '-', '2020-11-15 11:52:54', '2020-11-15 11:52:54'),
(70, 103, 0, 0, 0, '24538', 38.00, '-', '2020-11-15 11:52:54', '2020-11-15 11:52:54'),
(71, 104, 0, 0, 0, '24521', 38.00, '-', '2020-11-15 11:52:54', '2020-11-15 11:52:54'),
(72, 104, 0, 0, 0, '24527', 38.00, '-', '2020-11-15 11:52:54', '2020-11-15 11:52:54'),
(73, 104, 0, 0, 0, '24528', 38.00, '-', '2020-11-15 11:52:55', '2020-11-15 11:52:55'),
(74, 104, 0, 0, 0, '24529', 38.00, '-', '2020-11-15 11:52:55', '2020-11-15 11:52:55'),
(75, 104, 0, 0, 0, '24530', 38.00, '-', '2020-11-15 11:52:55', '2020-11-15 11:52:55'),
(76, 104, 0, 0, 0, '24531', 38.00, '-', '2020-11-15 11:52:55', '2020-11-15 11:52:55'),
(77, 104, 0, 0, 0, '24538', 38.00, '-', '2020-11-15 11:52:55', '2020-11-15 11:52:55'),
(78, 105, 0, 0, 0, '24521', 38.00, '-', '2020-11-15 11:52:55', '2020-11-15 11:52:55'),
(79, 105, 0, 0, 0, '24527', 38.00, '-', '2020-11-15 11:52:55', '2020-11-15 11:52:55'),
(80, 105, 0, 0, 0, '24528', 38.00, '-', '2020-11-15 11:52:55', '2020-11-15 11:52:55'),
(81, 105, 0, 0, 0, '24529', 38.00, '-', '2020-11-15 11:52:55', '2020-11-15 11:52:55'),
(82, 105, 0, 0, 0, '24530', 38.00, '-', '2020-11-15 11:52:55', '2020-11-15 11:52:55'),
(83, 105, 0, 0, 0, '24531', 38.00, '-', '2020-11-15 11:52:55', '2020-11-15 11:52:55'),
(84, 105, 0, 0, 0, '24538', 38.00, '-', '2020-11-15 11:52:55', '2020-11-15 11:52:55'),
(85, 109, 0, 0, 0, '24548', 38.00, '-', '2020-11-28 09:53:02', '2020-11-28 09:53:02'),
(86, 109, 0, 0, 0, '24549', 38.00, '-', '2020-11-28 09:53:03', '2020-11-28 09:53:03'),
(87, 109, 0, 0, 0, '24550', 38.00, '-', '2020-11-28 09:53:03', '2020-11-28 09:53:03'),
(88, 109, 0, 0, 0, '24551', 38.00, '-', '2020-11-28 09:53:03', '2020-11-28 09:53:03'),
(89, 109, 0, 0, 0, '24552', 38.00, '-', '2020-11-28 09:53:03', '2020-11-28 09:53:03'),
(90, 109, 0, 0, 0, '24553', 38.00, '-', '2020-11-28 09:53:03', '2020-11-28 09:53:03'),
(91, 109, 0, 0, 0, '24554', 38.00, '-', '2020-11-28 09:53:03', '2020-11-28 09:53:03'),
(92, 109, 0, 0, 0, '24555', 38.00, '-', '2020-11-28 09:53:03', '2020-11-28 09:53:03'),
(93, 109, 0, 0, 0, '24556', 38.00, '-', '2020-11-28 09:53:03', '2020-11-28 09:53:03'),
(94, 109, 0, 0, 0, '24557', 38.00, '-', '2020-11-28 09:53:03', '2020-11-28 09:53:03'),
(95, 109, 0, 0, 0, '24558', 38.00, '-', '2020-11-28 09:53:03', '2020-11-28 09:53:03'),
(96, 109, 0, 0, 0, '24559', 38.00, '-', '2020-11-28 09:53:03', '2020-11-28 09:53:03'),
(97, 109, 0, 0, 0, '24560', 38.00, '-', '2020-11-28 09:53:03', '2020-11-28 09:53:03'),
(98, 109, 0, 0, 0, '24561', 38.00, '-', '2020-11-28 09:53:04', '2020-11-28 09:53:04'),
(99, 109, 0, 0, 0, '24562', 38.00, '-', '2020-11-28 09:53:04', '2020-11-28 09:53:04'),
(100, 109, 0, 0, 0, '24563', 38.00, '-', '2020-11-28 09:53:04', '2020-11-28 09:53:04'),
(101, 109, 0, 0, 0, '24564', 38.00, '-', '2020-11-28 09:53:04', '2020-11-28 09:53:04'),
(102, 109, 0, 0, 0, '24565', 38.00, '-', '2020-11-28 09:53:04', '2020-11-28 09:53:04'),
(103, 109, 0, 0, 0, '24566', 38.00, '-', '2020-11-28 09:53:04', '2020-11-28 09:53:04'),
(104, 110, 0, 0, 0, '24548', 38.00, '-', '2020-11-28 09:53:04', '2020-11-28 09:53:04'),
(105, 110, 0, 0, 0, '24549', 38.00, '-', '2020-11-28 09:53:04', '2020-11-28 09:53:04'),
(106, 110, 0, 0, 0, '24550', 38.00, '-', '2020-11-28 09:53:04', '2020-11-28 09:53:04'),
(107, 110, 0, 0, 0, '24551', 38.00, '-', '2020-11-28 09:53:04', '2020-11-28 09:53:04'),
(108, 110, 0, 0, 0, '24552', 38.00, '-', '2020-11-28 09:53:04', '2020-11-28 09:53:04'),
(109, 110, 0, 0, 0, '24553', 38.00, '-', '2020-11-28 09:53:04', '2020-11-28 09:53:04'),
(110, 110, 0, 0, 0, '24554', 38.00, '-', '2020-11-28 09:53:05', '2020-11-28 09:53:05'),
(111, 110, 0, 0, 0, '24555', 38.00, '-', '2020-11-28 09:53:05', '2020-11-28 09:53:05'),
(112, 110, 0, 0, 0, '24556', 38.00, '-', '2020-11-28 09:53:05', '2020-11-28 09:53:05'),
(113, 110, 0, 0, 0, '24557', 38.00, '-', '2020-11-28 09:53:05', '2020-11-28 09:53:05'),
(114, 110, 0, 0, 0, '24558', 38.00, '-', '2020-11-28 09:53:05', '2020-11-28 09:53:05'),
(115, 110, 0, 0, 0, '24559', 38.00, '-', '2020-11-28 09:53:05', '2020-11-28 09:53:05'),
(116, 110, 0, 0, 0, '24560', 38.00, '-', '2020-11-28 09:53:05', '2020-11-28 09:53:05'),
(117, 110, 0, 0, 0, '24561', 38.00, '-', '2020-11-28 09:53:05', '2020-11-28 09:53:05'),
(118, 110, 0, 0, 0, '24562', 38.00, '-', '2020-11-28 09:53:05', '2020-11-28 09:53:05'),
(119, 110, 0, 0, 0, '24563', 38.00, '-', '2020-11-28 09:53:05', '2020-11-28 09:53:05'),
(120, 110, 0, 0, 0, '24564', 38.00, '-', '2020-11-28 09:53:06', '2020-11-28 09:53:06'),
(121, 110, 0, 0, 0, '24565', 38.00, '-', '2020-11-28 09:53:06', '2020-11-28 09:53:06'),
(122, 110, 0, 0, 0, '24566', 38.00, '-', '2020-11-28 09:53:06', '2020-11-28 09:53:06'),
(123, 111, 0, 0, 0, '24548', 38.00, '-', '2020-11-28 09:53:06', '2020-11-28 09:53:06'),
(124, 111, 0, 0, 0, '24549', 38.00, '-', '2020-11-28 09:53:06', '2020-11-28 09:53:06'),
(125, 111, 0, 0, 0, '24550', 38.00, '-', '2020-11-28 09:53:06', '2020-11-28 09:53:06'),
(126, 111, 0, 0, 0, '24551', 38.00, '-', '2020-11-28 09:53:06', '2020-11-28 09:53:06'),
(127, 111, 0, 0, 0, '24552', 38.00, '-', '2020-11-28 09:53:06', '2020-11-28 09:53:06'),
(128, 111, 0, 0, 0, '24553', 38.00, '-', '2020-11-28 09:53:07', '2020-11-28 09:53:07'),
(129, 111, 0, 0, 0, '24554', 38.00, '-', '2020-11-28 09:53:07', '2020-11-28 09:53:07'),
(130, 111, 0, 0, 0, '24555', 38.00, '-', '2020-11-28 09:53:07', '2020-11-28 09:53:07'),
(131, 111, 0, 0, 0, '24556', 38.00, '-', '2020-11-28 09:53:07', '2020-11-28 09:53:07'),
(132, 111, 0, 0, 0, '24557', 38.00, '-', '2020-11-28 09:53:07', '2020-11-28 09:53:07'),
(133, 111, 0, 0, 0, '24558', 38.00, '-', '2020-11-28 09:53:07', '2020-11-28 09:53:07'),
(134, 111, 0, 0, 0, '24559', 38.00, '-', '2020-11-28 09:53:07', '2020-11-28 09:53:07'),
(135, 111, 0, 0, 0, '24560', 38.00, '-', '2020-11-28 09:53:07', '2020-11-28 09:53:07'),
(136, 111, 0, 0, 0, '24561', 38.00, '-', '2020-11-28 09:53:07', '2020-11-28 09:53:07'),
(137, 111, 0, 0, 0, '24562', 38.00, '-', '2020-11-28 09:53:07', '2020-11-28 09:53:07'),
(138, 111, 0, 0, 0, '24563', 38.00, '-', '2020-11-28 09:53:07', '2020-11-28 09:53:07'),
(139, 111, 0, 0, 0, '24564', 38.00, '-', '2020-11-28 09:53:07', '2020-11-28 09:53:07'),
(140, 111, 0, 0, 0, '24565', 38.00, '-', '2020-11-28 09:53:07', '2020-11-28 09:53:07'),
(141, 111, 0, 0, 0, '24566', 38.00, '-', '2020-11-28 09:53:08', '2020-11-28 09:53:08'),
(142, 112, 0, 0, 0, '24548', 38.00, '-', '2020-11-28 09:53:08', '2020-11-28 09:53:08'),
(143, 112, 0, 0, 0, '24549', 38.00, '-', '2020-11-28 09:53:08', '2020-11-28 09:53:08'),
(144, 112, 0, 0, 0, '24550', 38.00, '-', '2020-11-28 09:53:08', '2020-11-28 09:53:08'),
(145, 112, 0, 0, 0, '24551', 38.00, '-', '2020-11-28 09:53:08', '2020-11-28 09:53:08'),
(146, 112, 0, 0, 0, '24552', 38.00, '-', '2020-11-28 09:53:08', '2020-11-28 09:53:08'),
(147, 112, 0, 0, 0, '24553', 38.00, '-', '2020-11-28 09:53:08', '2020-11-28 09:53:08'),
(148, 112, 0, 0, 0, '24554', 38.00, '-', '2020-11-28 09:53:08', '2020-11-28 09:53:08'),
(149, 112, 0, 0, 0, '24555', 38.00, '-', '2020-11-28 09:53:08', '2020-11-28 09:53:08'),
(150, 112, 0, 0, 0, '24556', 38.00, '-', '2020-11-28 09:53:08', '2020-11-28 09:53:08'),
(151, 112, 0, 0, 0, '24557', 38.00, '-', '2020-11-28 09:53:08', '2020-11-28 09:53:08'),
(152, 112, 0, 0, 0, '24558', 38.00, '-', '2020-11-28 09:53:08', '2020-11-28 09:53:08'),
(153, 112, 0, 0, 0, '24559', 38.00, '-', '2020-11-28 09:53:08', '2020-11-28 09:53:08'),
(154, 112, 0, 0, 0, '24560', 38.00, '-', '2020-11-28 09:53:08', '2020-11-28 09:53:08'),
(155, 112, 0, 0, 0, '24561', 38.00, '-', '2020-11-28 09:53:08', '2020-11-28 09:53:08'),
(156, 112, 0, 0, 0, '24562', 38.00, '-', '2020-11-28 09:53:08', '2020-11-28 09:53:08'),
(157, 112, 0, 0, 0, '24563', 38.00, '-', '2020-11-28 09:53:08', '2020-11-28 09:53:08'),
(158, 112, 0, 0, 0, '24564', 38.00, '-', '2020-11-28 09:53:08', '2020-11-28 09:53:08'),
(159, 112, 0, 0, 0, '24565', 38.00, '-', '2020-11-28 09:53:08', '2020-11-28 09:53:08'),
(160, 112, 0, 0, 0, '24566', 38.00, '-', '2020-11-28 09:53:09', '2020-11-28 09:53:09'),
(161, 113, 0, 0, 0, '24544', 38.00, '-', '2020-11-28 09:53:09', '2020-11-28 09:53:09'),
(162, 113, 0, 0, 0, '24545', 38.00, '-', '2020-11-28 09:53:09', '2020-11-28 09:53:09'),
(163, 113, 0, 0, 0, '24567', 38.00, '-', '2020-11-28 09:53:09', '2020-11-28 09:53:09'),
(164, 113, 0, 0, 0, '24568', 38.00, '-', '2020-11-28 09:53:09', '2020-11-28 09:53:09'),
(165, 113, 0, 0, 0, '24569', 38.00, '-', '2020-11-28 09:53:09', '2020-11-28 09:53:09'),
(166, 113, 0, 0, 0, '24570', 38.00, '-', '2020-11-28 09:53:09', '2020-11-28 09:53:09'),
(167, 113, 0, 0, 0, '24571', 38.00, '-', '2020-11-28 09:53:09', '2020-11-28 09:53:09'),
(168, 113, 0, 0, 0, '24572', 38.00, '-', '2020-11-28 09:53:09', '2020-11-28 09:53:09'),
(169, 113, 0, 0, 0, '24573', 38.00, '-', '2020-11-28 09:53:09', '2020-11-28 09:53:09'),
(170, 113, 0, 0, 0, '24574', 38.00, '-', '2020-11-28 09:53:09', '2020-11-28 09:53:09'),
(171, 113, 0, 0, 0, '24575', 38.00, '-', '2020-11-28 09:53:09', '2020-11-28 09:53:09'),
(172, 113, 0, 0, 0, '24576', 38.00, '-', '2020-11-28 09:53:09', '2020-11-28 09:53:09'),
(173, 113, 0, 0, 0, '24577', 38.00, '-', '2020-11-28 09:53:10', '2020-11-28 09:53:10'),
(174, 113, 0, 0, 0, '24578', 38.00, '-', '2020-11-28 09:53:10', '2020-11-28 09:53:10'),
(175, 113, 0, 0, 0, '24579', 38.00, '-', '2020-11-28 09:53:10', '2020-11-28 09:53:10'),
(176, 113, 0, 0, 0, '24580', 38.00, '-', '2020-11-28 09:53:10', '2020-11-28 09:53:10'),
(177, 113, 0, 0, 0, '24581', 38.00, '-', '2020-11-28 09:53:11', '2020-11-28 09:53:11'),
(178, 113, 0, 0, 0, '24582', 38.00, '-', '2020-11-28 09:53:11', '2020-11-28 09:53:11'),
(179, 113, 0, 0, 0, '24583', 38.00, '-', '2020-11-28 09:53:11', '2020-11-28 09:53:11'),
(180, 113, 0, 0, 0, '24584', 38.00, '-', '2020-11-28 09:53:11', '2020-11-28 09:53:11'),
(181, 113, 0, 0, 0, '24585', 38.00, '-', '2020-11-28 09:53:11', '2020-11-28 09:53:11'),
(182, 113, 0, 0, 0, '24586', 38.00, '-', '2020-11-28 09:53:11', '2020-11-28 09:53:11'),
(183, 113, 0, 0, 0, '24613', 38.00, '-', '2020-11-28 09:53:11', '2020-11-28 09:53:11'),
(184, 113, 0, 0, 0, '24614', 38.00, '-', '2020-11-28 09:53:11', '2020-11-28 09:53:11'),
(185, 113, 0, 0, 0, '24615', 38.00, '-', '2020-11-28 09:53:11', '2020-11-28 09:53:11'),
(186, 113, 0, 0, 0, '24616', 38.00, '-', '2020-11-28 09:53:11', '2020-11-28 09:53:11'),
(187, 113, 0, 0, 0, '24617', 38.00, '-', '2020-11-28 09:53:12', '2020-11-28 09:53:12'),
(188, 113, 0, 0, 0, '24618', 38.00, '-', '2020-11-28 09:53:12', '2020-11-28 09:53:12'),
(189, 113, 0, 0, 0, '24619', 38.00, '-', '2020-11-28 09:53:12', '2020-11-28 09:53:12'),
(190, 113, 0, 0, 0, '24620', 38.00, '-', '2020-11-28 09:53:12', '2020-11-28 09:53:12'),
(191, 113, 0, 0, 0, '24621', 38.00, '-', '2020-11-28 09:53:12', '2020-11-28 09:53:12'),
(192, 113, 0, 0, 0, '24622', 38.00, '-', '2020-11-28 09:53:12', '2020-11-28 09:53:12'),
(193, 113, 0, 0, 0, '24623', 38.00, '-', '2020-11-28 09:53:12', '2020-11-28 09:53:12'),
(194, 113, 0, 0, 0, '24624', 38.00, '-', '2020-11-28 09:53:12', '2020-11-28 09:53:12'),
(195, 113, 0, 0, 0, '24625', 38.00, '-', '2020-11-28 09:53:12', '2020-11-28 09:53:12'),
(196, 114, 0, 0, 0, '24544', 38.00, '-', '2020-11-28 09:53:12', '2020-11-28 09:53:12'),
(197, 114, 0, 0, 0, '24545', 38.00, '-', '2020-11-28 09:53:12', '2020-11-28 09:53:12'),
(198, 114, 0, 0, 0, '24567', 38.00, '-', '2020-11-28 09:53:13', '2020-11-28 09:53:13'),
(199, 114, 0, 0, 0, '24568', 38.00, '-', '2020-11-28 09:53:13', '2020-11-28 09:53:13'),
(200, 114, 0, 0, 0, '24569', 38.00, '-', '2020-11-28 09:53:13', '2020-11-28 09:53:13'),
(201, 114, 0, 0, 0, '24570', 38.00, '-', '2020-11-28 09:53:13', '2020-11-28 09:53:13'),
(202, 114, 0, 0, 0, '24571', 38.00, '-', '2020-11-28 09:53:13', '2020-11-28 09:53:13'),
(203, 114, 0, 0, 0, '24572', 38.00, '-', '2020-11-28 09:53:13', '2020-11-28 09:53:13'),
(204, 114, 0, 0, 0, '24573', 38.00, '-', '2020-11-28 09:53:13', '2020-11-28 09:53:13'),
(205, 114, 0, 0, 0, '24574', 38.00, '-', '2020-11-28 09:53:13', '2020-11-28 09:53:13'),
(206, 114, 0, 0, 0, '24575', 38.00, '-', '2020-11-28 09:53:13', '2020-11-28 09:53:13'),
(207, 114, 0, 0, 0, '24576', 38.00, '-', '2020-11-28 09:53:13', '2020-11-28 09:53:13'),
(208, 114, 0, 0, 0, '24577', 38.00, '-', '2020-11-28 09:53:13', '2020-11-28 09:53:13'),
(209, 114, 0, 0, 0, '24578', 38.00, '-', '2020-11-28 09:53:14', '2020-11-28 09:53:14'),
(210, 114, 0, 0, 0, '24579', 38.00, '-', '2020-11-28 09:53:14', '2020-11-28 09:53:14'),
(211, 114, 0, 0, 0, '24580', 38.00, '-', '2020-11-28 09:53:14', '2020-11-28 09:53:14'),
(212, 114, 0, 0, 0, '24581', 38.00, '-', '2020-11-28 09:53:14', '2020-11-28 09:53:14'),
(213, 114, 0, 0, 0, '24582', 38.00, '-', '2020-11-28 09:53:14', '2020-11-28 09:53:14'),
(214, 114, 0, 0, 0, '24583', 38.00, '-', '2020-11-28 09:53:14', '2020-11-28 09:53:14'),
(215, 114, 0, 0, 0, '24584', 38.00, '-', '2020-11-28 09:53:14', '2020-11-28 09:53:14'),
(216, 114, 0, 0, 0, '24585', 38.00, '-', '2020-11-28 09:53:14', '2020-11-28 09:53:14'),
(217, 114, 0, 0, 0, '24586', 38.00, '-', '2020-11-28 09:53:14', '2020-11-28 09:53:14'),
(218, 114, 0, 0, 0, '24613', 38.00, '-', '2020-11-28 09:53:14', '2020-11-28 09:53:14'),
(219, 114, 0, 0, 0, '24614', 38.00, '-', '2020-11-28 09:53:14', '2020-11-28 09:53:14'),
(220, 114, 0, 0, 0, '24615', 38.00, '-', '2020-11-28 09:53:14', '2020-11-28 09:53:14'),
(221, 114, 0, 0, 0, '24616', 38.00, '-', '2020-11-28 09:53:14', '2020-11-28 09:53:14'),
(222, 114, 0, 0, 0, '24617', 38.00, '-', '2020-11-28 09:53:14', '2020-11-28 09:53:14'),
(223, 114, 0, 0, 0, '24618', 38.00, '-', '2020-11-28 09:53:15', '2020-11-28 09:53:15'),
(224, 114, 0, 0, 0, '24619', 38.00, '-', '2020-11-28 09:53:15', '2020-11-28 09:53:15'),
(225, 114, 0, 0, 0, '24620', 38.00, '-', '2020-11-28 09:53:15', '2020-11-28 09:53:15'),
(226, 114, 0, 0, 0, '24621', 38.00, '-', '2020-11-28 09:53:15', '2020-11-28 09:53:15'),
(227, 114, 0, 0, 0, '24622', 38.00, '-', '2020-11-28 09:53:15', '2020-11-28 09:53:15'),
(228, 114, 0, 0, 0, '24623', 38.00, '-', '2020-11-28 09:53:15', '2020-11-28 09:53:15'),
(229, 114, 0, 0, 0, '24624', 38.00, '-', '2020-11-28 09:53:15', '2020-11-28 09:53:15'),
(230, 114, 0, 0, 0, '24625', 38.00, '-', '2020-11-28 09:53:15', '2020-11-28 09:53:15'),
(231, 115, 0, 0, 0, '24544', 38.00, '-', '2020-11-28 09:53:15', '2020-11-28 09:53:15'),
(232, 115, 0, 0, 0, '24545', 38.00, '-', '2020-11-28 09:53:15', '2020-11-28 09:53:15'),
(233, 115, 0, 0, 0, '24567', 38.00, '-', '2020-11-28 09:53:15', '2020-11-28 09:53:15'),
(234, 115, 0, 0, 0, '24568', 38.00, '-', '2020-11-28 09:53:16', '2020-11-28 09:53:16'),
(235, 115, 0, 0, 0, '24569', 38.00, '-', '2020-11-28 09:53:16', '2020-11-28 09:53:16'),
(236, 115, 0, 0, 0, '24570', 38.00, '-', '2020-11-28 09:53:16', '2020-11-28 09:53:16'),
(237, 115, 0, 0, 0, '24571', 38.00, '-', '2020-11-28 09:53:16', '2020-11-28 09:53:16'),
(238, 115, 0, 0, 0, '24572', 38.00, '-', '2020-11-28 09:53:16', '2020-11-28 09:53:16'),
(239, 115, 0, 0, 0, '24573', 38.00, '-', '2020-11-28 09:53:16', '2020-11-28 09:53:16'),
(240, 115, 0, 0, 0, '24574', 38.00, '-', '2020-11-28 09:53:16', '2020-11-28 09:53:16'),
(241, 115, 0, 0, 0, '24575', 38.00, '-', '2020-11-28 09:53:16', '2020-11-28 09:53:16'),
(242, 115, 0, 0, 0, '24576', 38.00, '-', '2020-11-28 09:53:16', '2020-11-28 09:53:16'),
(243, 115, 0, 0, 0, '24577', 38.00, '-', '2020-11-28 09:53:16', '2020-11-28 09:53:16'),
(244, 115, 0, 0, 0, '24578', 38.00, '-', '2020-11-28 09:53:16', '2020-11-28 09:53:16'),
(245, 115, 0, 0, 0, '24579', 38.00, '-', '2020-11-28 09:53:16', '2020-11-28 09:53:16'),
(246, 115, 0, 0, 0, '24580', 38.00, '-', '2020-11-28 09:53:16', '2020-11-28 09:53:16'),
(247, 115, 0, 0, 0, '24581', 38.00, '-', '2020-11-28 09:53:16', '2020-11-28 09:53:16'),
(248, 115, 0, 0, 0, '24582', 38.00, '-', '2020-11-28 09:53:17', '2020-11-28 09:53:17'),
(249, 115, 0, 0, 0, '24583', 38.00, '-', '2020-11-28 09:53:17', '2020-11-28 09:53:17'),
(250, 115, 0, 0, 0, '24584', 38.00, '-', '2020-11-28 09:53:17', '2020-11-28 09:53:17'),
(251, 115, 0, 0, 0, '24585', 38.00, '-', '2020-11-28 09:53:17', '2020-11-28 09:53:17'),
(252, 115, 0, 0, 0, '24586', 38.00, '-', '2020-11-28 09:53:17', '2020-11-28 09:53:17'),
(253, 115, 0, 0, 0, '24613', 38.00, '-', '2020-11-28 09:53:17', '2020-11-28 09:53:17'),
(254, 115, 0, 0, 0, '24614', 38.00, '-', '2020-11-28 09:53:17', '2020-11-28 09:53:17'),
(255, 115, 0, 0, 0, '24615', 38.00, '-', '2020-11-28 09:53:17', '2020-11-28 09:53:17'),
(256, 115, 0, 0, 0, '24616', 38.00, '-', '2020-11-28 09:53:17', '2020-11-28 09:53:17'),
(257, 115, 0, 0, 0, '24617', 38.00, '-', '2020-11-28 09:53:17', '2020-11-28 09:53:17'),
(258, 115, 0, 0, 0, '24618', 38.00, '-', '2020-11-28 09:53:17', '2020-11-28 09:53:17'),
(259, 115, 0, 0, 0, '24619', 38.00, '-', '2020-11-28 09:53:17', '2020-11-28 09:53:17'),
(260, 115, 0, 0, 0, '24620', 38.00, '-', '2020-11-28 09:53:17', '2020-11-28 09:53:17'),
(261, 115, 0, 0, 0, '24621', 38.00, '-', '2020-11-28 09:53:17', '2020-11-28 09:53:17'),
(262, 115, 0, 0, 0, '24622', 38.00, '-', '2020-11-28 09:53:17', '2020-11-28 09:53:17'),
(263, 115, 0, 0, 0, '24623', 38.00, '-', '2020-11-28 09:53:17', '2020-11-28 09:53:17'),
(264, 115, 0, 0, 0, '24624', 38.00, '-', '2020-11-28 09:53:17', '2020-11-28 09:53:17'),
(265, 115, 0, 0, 0, '24625', 38.00, '-', '2020-11-28 09:53:18', '2020-11-28 09:53:18');

-- --------------------------------------------------------

--
-- Table structure for table `tbl_riwayat_kelas`
--

CREATE TABLE `tbl_riwayat_kelas` (
  `id_riwayat` bigint(20) UNSIGNED NOT NULL,
  `id_walikelas` int(11) NOT NULL,
  `created_at` timestamp NULL DEFAULT NULL,
  `updated_at` timestamp NULL DEFAULT NULL,
  `nis` int(11) DEFAULT NULL
) ENGINE=InnoDB DEFAULT CHARSET=utf8mb4 COLLATE=utf8mb4_unicode_ci;

--
-- Dumping data for table `tbl_riwayat_kelas`
--

INSERT INTO `tbl_riwayat_kelas` (`id_riwayat`, `id_walikelas`, `created_at`, `updated_at`, `nis`) VALUES
(229, 91, '2020-11-27 21:40:11', '2020-11-27 21:40:11', 24548),
(230, 91, '2020-11-27 21:40:11', '2020-11-27 21:40:11', 24549),
(231, 91, '2020-11-27 21:40:11', '2020-11-27 21:40:11', 24550),
(232, 91, '2020-11-27 21:40:11', '2020-11-27 21:40:11', 24551),
(233, 91, '2020-11-27 21:40:12', '2020-11-27 21:40:12', 24552),
(234, 91, '2020-11-27 21:40:12', '2020-11-27 21:40:12', 24553),
(235, 91, '2020-11-27 21:40:12', '2020-11-27 21:40:12', 24554),
(236, 91, '2020-11-27 21:40:12', '2020-11-27 21:40:12', 24555),
(237, 91, '2020-11-27 21:40:13', '2020-11-27 21:40:13', 24556),
(238, 91, '2020-11-27 21:40:13', '2020-11-27 21:40:13', 24557),
(239, 91, '2020-11-27 21:40:13', '2020-11-27 21:40:13', 24558),
(240, 91, '2020-11-27 21:40:13', '2020-11-27 21:40:13', 24559),
(241, 91, '2020-11-27 21:40:13', '2020-11-27 21:40:13', 24560),
(242, 91, '2020-11-27 21:40:13', '2020-11-27 21:40:13', 24561),
(243, 91, '2020-11-27 21:40:13', '2020-11-27 21:40:13', 24562),
(244, 91, '2020-11-27 21:40:13', '2020-11-27 21:40:13', 24563),
(245, 91, '2020-11-27 21:40:14', '2020-11-27 21:40:14', 24564),
(246, 91, '2020-11-27 21:40:14', '2020-11-27 21:40:14', 24565),
(247, 91, '2020-11-27 21:40:14', '2020-11-27 21:40:14', 24566),
(248, 92, '2020-11-27 21:40:14', '2020-11-27 21:40:14', 24526),
(249, 92, '2020-11-27 21:40:14', '2020-11-27 21:40:14', 24532),
(250, 92, '2020-11-27 21:40:14', '2020-11-27 21:40:14', 24533),
(251, 92, '2020-11-27 21:40:14', '2020-11-27 21:40:14', 24537),
(252, 93, '2020-11-27 21:40:15', '2020-11-27 21:40:15', 24544),
(253, 93, '2020-11-27 21:40:15', '2020-11-27 21:40:15', 24545),
(254, 93, '2020-11-27 21:40:15', '2020-11-27 21:40:15', 24567),
(255, 93, '2020-11-27 21:40:15', '2020-11-27 21:40:15', 24568),
(256, 93, '2020-11-27 21:40:15', '2020-11-27 21:40:15', 24569),
(257, 93, '2020-11-27 21:40:15', '2020-11-27 21:40:15', 24570),
(258, 93, '2020-11-27 21:40:15', '2020-11-27 21:40:15', 24571),
(259, 93, '2020-11-27 21:40:16', '2020-11-27 21:40:16', 24572),
(260, 93, '2020-11-27 21:40:16', '2020-11-27 21:40:16', 24573),
(261, 93, '2020-11-27 21:40:16', '2020-11-27 21:40:16', 24574),
(262, 93, '2020-11-27 21:40:16', '2020-11-27 21:40:16', 24575),
(263, 93, '2020-11-27 21:40:16', '2020-11-27 21:40:16', 24576),
(264, 93, '2020-11-27 21:40:16', '2020-11-27 21:40:16', 24577),
(265, 93, '2020-11-27 21:40:17', '2020-11-27 21:40:17', 24578),
(266, 93, '2020-11-27 21:40:17', '2020-11-27 21:40:17', 24579),
(267, 93, '2020-11-27 21:40:17', '2020-11-27 21:40:17', 24580),
(268, 93, '2020-11-27 21:40:17', '2020-11-27 21:40:17', 24581),
(269, 93, '2020-11-27 21:40:17', '2020-11-27 21:40:17', 24582),
(270, 93, '2020-11-27 21:40:17', '2020-11-27 21:40:17', 24583),
(271, 93, '2020-11-27 21:40:17', '2020-11-27 21:40:17', 24584),
(272, 93, '2020-11-27 21:40:17', '2020-11-27 21:40:17', 24585),
(273, 93, '2020-11-27 21:40:18', '2020-11-27 21:40:18', 24586),
(274, 93, '2020-11-27 21:40:18', '2020-11-27 21:40:18', 24613),
(275, 93, '2020-11-27 21:40:18', '2020-11-27 21:40:18', 24614),
(276, 93, '2020-11-27 21:40:18', '2020-11-27 21:40:18', 24615),
(277, 93, '2020-11-27 21:40:18', '2020-11-27 21:40:18', 24616),
(278, 93, '2020-11-27 21:40:18', '2020-11-27 21:40:18', 24617),
(279, 93, '2020-11-27 21:40:18', '2020-11-27 21:40:18', 24618),
(280, 93, '2020-11-27 21:40:18', '2020-11-27 21:40:18', 24619),
(281, 93, '2020-11-27 21:40:18', '2020-11-27 21:40:18', 24620),
(282, 93, '2020-11-27 21:40:18', '2020-11-27 21:40:18', 24621),
(283, 93, '2020-11-27 21:40:18', '2020-11-27 21:40:18', 24622),
(284, 93, '2020-11-27 21:40:18', '2020-11-27 21:40:18', 24623),
(285, 93, '2020-11-27 21:40:18', '2020-11-27 21:40:18', 24624),
(286, 93, '2020-11-27 21:40:18', '2020-11-27 21:40:18', 24625),
(287, 94, '2020-11-27 21:40:19', '2020-11-27 21:40:19', 24521),
(288, 94, '2020-11-27 21:40:19', '2020-11-27 21:40:19', 24546),
(289, 94, '2020-11-27 21:40:19', '2020-11-27 21:40:19', 24547),
(290, 95, '2020-11-27 21:40:19', '2020-11-27 21:40:19', 24522),
(291, 95, '2020-11-27 21:40:19', '2020-11-27 21:40:19', 24524),
(292, 95, '2020-11-27 21:40:19', '2020-11-27 21:40:19', 24527),
(293, 95, '2020-11-27 21:40:19', '2020-11-27 21:40:19', 24528),
(294, 95, '2020-11-27 21:40:19', '2020-11-27 21:40:19', 24529),
(295, 95, '2020-11-27 21:40:19', '2020-11-27 21:40:19', 24530),
(296, 95, '2020-11-27 21:40:19', '2020-11-27 21:40:19', 24531),
(297, 95, '2020-11-27 21:40:19', '2020-11-27 21:40:19', 24538),
(298, 95, '2020-11-27 21:40:19', '2020-11-27 21:40:19', 24539),
(299, 95, '2020-11-27 21:40:20', '2020-11-27 21:40:20', 24540),
(300, 95, '2020-11-27 21:40:20', '2020-11-27 21:40:20', 24541),
(301, 95, '2020-11-27 21:40:20', '2020-11-27 21:40:20', 24542),
(302, 95, '2020-11-27 21:40:20', '2020-11-27 21:40:20', 24543),
(303, 95, '2020-11-27 21:40:20', '2020-11-27 21:40:20', 24587),
(304, 95, '2020-11-27 21:40:20', '2020-11-27 21:40:20', 24588),
(305, 95, '2020-11-27 21:40:20', '2020-11-27 21:40:20', 24589),
(306, 95, '2020-11-27 21:40:20', '2020-11-27 21:40:20', 24590),
(307, 95, '2020-11-27 21:40:20', '2020-11-27 21:40:20', 24591),
(308, 95, '2020-11-27 21:40:20', '2020-11-27 21:40:20', 24592),
(309, 95, '2020-11-27 21:40:20', '2020-11-27 21:40:20', 24593),
(310, 95, '2020-11-27 21:40:20', '2020-11-27 21:40:20', 24594),
(311, 95, '2020-11-27 21:40:21', '2020-11-27 21:40:21', 24595),
(312, 95, '2020-11-27 21:40:21', '2020-11-27 21:40:21', 24596),
(313, 95, '2020-11-27 21:40:21', '2020-11-27 21:40:21', 24597),
(314, 95, '2020-11-27 21:40:21', '2020-11-27 21:40:21', 24598),
(315, 95, '2020-11-27 21:40:21', '2020-11-27 21:40:21', 24599),
(316, 95, '2020-11-27 21:40:21', '2020-11-27 21:40:21', 24600),
(317, 95, '2020-11-27 21:40:21', '2020-11-27 21:40:21', 24601),
(318, 95, '2020-11-27 21:40:21', '2020-11-27 21:40:21', 24602),
(319, 95, '2020-11-27 21:40:21', '2020-11-27 21:40:21', 24603),
(320, 95, '2020-11-27 21:40:21', '2020-11-27 21:40:21', 24604),
(321, 95, '2020-11-27 21:40:22', '2020-11-27 21:40:22', 24605),
(322, 95, '2020-11-27 21:40:22', '2020-11-27 21:40:22', 24606),
(323, 95, '2020-11-27 21:40:22', '2020-11-27 21:40:22', 24607),
(324, 95, '2020-11-27 21:40:22', '2020-11-27 21:40:22', 24608),
(325, 95, '2020-11-27 21:40:22', '2020-11-27 21:40:22', 24609),
(326, 95, '2020-11-27 21:40:22', '2020-11-27 21:40:22', 24610),
(327, 95, '2020-11-27 21:40:22', '2020-11-27 21:40:22', 24611),
(328, 95, '2020-11-27 21:40:22', '2020-11-27 21:40:22', 24612),
(329, 97, '2020-11-27 21:40:22', '2020-11-27 21:40:22', 24523),
(330, 99, '2020-11-27 21:40:23', '2020-11-27 21:40:23', 24525),
(331, 99, '2020-11-27 21:40:23', '2020-11-27 21:40:23', 24534),
(332, 99, '2020-11-27 21:40:23', '2020-11-27 21:40:23', 24535),
(333, 99, '2020-11-27 21:40:23', '2020-11-27 21:40:23', 24536),
(334, 100, '2020-11-27 21:40:44', '2020-11-27 21:40:44', 24548),
(335, 100, '2020-11-27 21:40:44', '2020-11-27 21:40:44', 24549),
(336, 100, '2020-11-27 21:40:44', '2020-11-27 21:40:44', 24550),
(337, 100, '2020-11-27 21:40:45', '2020-11-27 21:40:45', 24551),
(338, 100, '2020-11-27 21:40:45', '2020-11-27 21:40:45', 24552),
(339, 100, '2020-11-27 21:40:45', '2020-11-27 21:40:45', 24553),
(340, 100, '2020-11-27 21:40:45', '2020-11-27 21:40:45', 24554),
(341, 100, '2020-11-27 21:40:45', '2020-11-27 21:40:45', 24555),
(342, 100, '2020-11-27 21:40:45', '2020-11-27 21:40:45', 24556),
(343, 100, '2020-11-27 21:40:45', '2020-11-27 21:40:45', 24557),
(344, 100, '2020-11-27 21:40:45', '2020-11-27 21:40:45', 24558),
(345, 100, '2020-11-27 21:40:45', '2020-11-27 21:40:45', 24559),
(346, 100, '2020-11-27 21:40:45', '2020-11-27 21:40:45', 24560),
(347, 100, '2020-11-27 21:40:45', '2020-11-27 21:40:45', 24561),
(348, 100, '2020-11-27 21:40:45', '2020-11-27 21:40:45', 24562),
(349, 100, '2020-11-27 21:40:45', '2020-11-27 21:40:45', 24563),
(350, 100, '2020-11-27 21:40:45', '2020-11-27 21:40:45', 24564),
(351, 100, '2020-11-27 21:40:45', '2020-11-27 21:40:45', 24565),
(352, 100, '2020-11-27 21:40:45', '2020-11-27 21:40:45', 24566),
(353, 101, '2020-11-27 21:40:46', '2020-11-27 21:40:46', 24526),
(354, 101, '2020-11-27 21:40:46', '2020-11-27 21:40:46', 24532),
(355, 101, '2020-11-27 21:40:46', '2020-11-27 21:40:46', 24533),
(356, 101, '2020-11-27 21:40:46', '2020-11-27 21:40:46', 24537),
(357, 102, '2020-11-27 21:40:46', '2020-11-27 21:40:46', 24544),
(358, 102, '2020-11-27 21:40:46', '2020-11-27 21:40:46', 24545),
(359, 102, '2020-11-27 21:40:46', '2020-11-27 21:40:46', 24567),
(360, 102, '2020-11-27 21:40:46', '2020-11-27 21:40:46', 24568),
(361, 102, '2020-11-27 21:40:46', '2020-11-27 21:40:46', 24569),
(362, 102, '2020-11-27 21:40:47', '2020-11-27 21:40:47', 24570),
(363, 102, '2020-11-27 21:40:47', '2020-11-27 21:40:47', 24571),
(364, 102, '2020-11-27 21:40:47', '2020-11-27 21:40:47', 24572),
(365, 102, '2020-11-27 21:40:47', '2020-11-27 21:40:47', 24573),
(366, 102, '2020-11-27 21:40:47', '2020-11-27 21:40:47', 24574),
(367, 102, '2020-11-27 21:40:47', '2020-11-27 21:40:47', 24575),
(368, 102, '2020-11-27 21:40:47', '2020-11-27 21:40:47', 24576),
(369, 102, '2020-11-27 21:40:47', '2020-11-27 21:40:47', 24577),
(370, 102, '2020-11-27 21:40:47', '2020-11-27 21:40:47', 24578),
(371, 102, '2020-11-27 21:40:47', '2020-11-27 21:40:47', 24579),
(372, 102, '2020-11-27 21:40:47', '2020-11-27 21:40:47', 24580),
(373, 102, '2020-11-27 21:40:47', '2020-11-27 21:40:47', 24581),
(374, 102, '2020-11-27 21:40:47', '2020-11-27 21:40:47', 24582),
(375, 102, '2020-11-27 21:40:47', '2020-11-27 21:40:47', 24583),
(376, 102, '2020-11-27 21:40:47', '2020-11-27 21:40:47', 24584),
(377, 102, '2020-11-27 21:40:47', '2020-11-27 21:40:47', 24585),
(378, 102, '2020-11-27 21:40:47', '2020-11-27 21:40:47', 24586),
(379, 102, '2020-11-27 21:40:48', '2020-11-27 21:40:48', 24613),
(380, 102, '2020-11-27 21:40:48', '2020-11-27 21:40:48', 24614),
(381, 102, '2020-11-27 21:40:48', '2020-11-27 21:40:48', 24615),
(382, 102, '2020-11-27 21:40:48', '2020-11-27 21:40:48', 24616),
(383, 102, '2020-11-27 21:40:48', '2020-11-27 21:40:48', 24617),
(384, 102, '2020-11-27 21:40:48', '2020-11-27 21:40:48', 24618),
(385, 102, '2020-11-27 21:40:48', '2020-11-27 21:40:48', 24619),
(386, 102, '2020-11-27 21:40:48', '2020-11-27 21:40:48', 24620),
(387, 102, '2020-11-27 21:40:48', '2020-11-27 21:40:48', 24621),
(388, 102, '2020-11-27 21:40:48', '2020-11-27 21:40:48', 24622),
(389, 102, '2020-11-27 21:40:48', '2020-11-27 21:40:48', 24623),
(390, 102, '2020-11-27 21:40:48', '2020-11-27 21:40:48', 24624),
(391, 102, '2020-11-27 21:40:48', '2020-11-27 21:40:48', 24625),
(392, 103, '2020-11-27 21:40:48', '2020-11-27 21:40:48', 24521),
(393, 103, '2020-11-27 21:40:49', '2020-11-27 21:40:49', 24546),
(394, 103, '2020-11-27 21:40:49', '2020-11-27 21:40:49', 24547),
(395, 104, '2020-11-27 21:40:49', '2020-11-27 21:40:49', 24522),
(396, 104, '2020-11-27 21:40:49', '2020-11-27 21:40:49', 24524),
(397, 104, '2020-11-27 21:40:49', '2020-11-27 21:40:49', 24527),
(398, 104, '2020-11-27 21:40:49', '2020-11-27 21:40:49', 24528),
(399, 104, '2020-11-27 21:40:49', '2020-11-27 21:40:49', 24529),
(400, 104, '2020-11-27 21:40:49', '2020-11-27 21:40:49', 24530),
(401, 104, '2020-11-27 21:40:49', '2020-11-27 21:40:49', 24531),
(402, 104, '2020-11-27 21:40:49', '2020-11-27 21:40:49', 24538),
(403, 104, '2020-11-27 21:40:49', '2020-11-27 21:40:49', 24539),
(404, 104, '2020-11-27 21:40:49', '2020-11-27 21:40:49', 24540),
(405, 104, '2020-11-27 21:40:49', '2020-11-27 21:40:49', 24541),
(406, 104, '2020-11-27 21:40:49', '2020-11-27 21:40:49', 24542),
(407, 104, '2020-11-27 21:40:49', '2020-11-27 21:40:49', 24543),
(408, 104, '2020-11-27 21:40:50', '2020-11-27 21:40:50', 24587),
(409, 104, '2020-11-27 21:40:50', '2020-11-27 21:40:50', 24588),
(410, 104, '2020-11-27 21:40:50', '2020-11-27 21:40:50', 24589),
(411, 104, '2020-11-27 21:40:50', '2020-11-27 21:40:50', 24590),
(412, 104, '2020-11-27 21:40:50', '2020-11-27 21:40:50', 24591),
(413, 104, '2020-11-27 21:40:50', '2020-11-27 21:40:50', 24592),
(414, 104, '2020-11-27 21:40:50', '2020-11-27 21:40:50', 24593),
(415, 104, '2020-11-27 21:40:50', '2020-11-27 21:40:50', 24594),
(416, 104, '2020-11-27 21:40:50', '2020-11-27 21:40:50', 24595),
(417, 104, '2020-11-27 21:40:50', '2020-11-27 21:40:50', 24596),
(418, 104, '2020-11-27 21:40:50', '2020-11-27 21:40:50', 24597),
(419, 104, '2020-11-27 21:40:50', '2020-11-27 21:40:50', 24598),
(420, 104, '2020-11-27 21:40:50', '2020-11-27 21:40:50', 24599),
(421, 104, '2020-11-27 21:40:50', '2020-11-27 21:40:50', 24600),
(422, 104, '2020-11-27 21:40:50', '2020-11-27 21:40:50', 24601),
(423, 104, '2020-11-27 21:40:50', '2020-11-27 21:40:50', 24602),
(424, 104, '2020-11-27 21:40:50', '2020-11-27 21:40:50', 24603),
(425, 104, '2020-11-27 21:40:50', '2020-11-27 21:40:50', 24604),
(426, 104, '2020-11-27 21:40:51', '2020-11-27 21:40:51', 24605),
(427, 104, '2020-11-27 21:40:51', '2020-11-27 21:40:51', 24606),
(428, 104, '2020-11-27 21:40:51', '2020-11-27 21:40:51', 24607),
(429, 104, '2020-11-27 21:40:51', '2020-11-27 21:40:51', 24608),
(430, 104, '2020-11-27 21:40:51', '2020-11-27 21:40:51', 24609),
(431, 104, '2020-11-27 21:40:51', '2020-11-27 21:40:51', 24610),
(432, 104, '2020-11-27 21:40:51', '2020-11-27 21:40:51', 24611),
(433, 104, '2020-11-27 21:40:51', '2020-11-27 21:40:51', 24612),
(434, 106, '2020-11-27 21:40:51', '2020-11-27 21:40:51', 24523),
(435, 108, '2020-11-27 21:40:51', '2020-11-27 21:40:51', 24525),
(436, 108, '2020-11-27 21:40:51', '2020-11-27 21:40:51', 24534),
(437, 108, '2020-11-27 21:40:51', '2020-11-27 21:40:51', 24535),
(438, 108, '2020-11-27 21:40:51', '2020-11-27 21:40:51', 24536);

-- --------------------------------------------------------

--
-- Table structure for table `tbl_ruangan`
--

CREATE TABLE `tbl_ruangan` (
  `kd_ruangan` varchar(10) NOT NULL,
  `nama_ruangan` varchar(30) NOT NULL,
  `kapasitas` varchar(100) NOT NULL,
  `created_at` timestamp NULL DEFAULT NULL,
  `updated_at` timestamp NULL DEFAULT NULL
) ENGINE=InnoDB DEFAULT CHARSET=utf8mb4;

--
-- Dumping data for table `tbl_ruangan`
--

INSERT INTO `tbl_ruangan` (`kd_ruangan`, `nama_ruangan`, `kapasitas`, `created_at`, `updated_at`) VALUES
('000', 'Default', 'default', '2020-10-16 03:50:02', '2020-10-16 03:50:02'),
('R.IPAX1', 'X IPA 1', '35', '2020-10-16 04:02:24', '2020-10-16 04:02:24'),
('R.IPAX2', 'X IPA 2', '35', '2020-10-16 04:03:33', '2020-10-16 04:03:33'),
('R.IPAXI1', 'XI IPA 1', '35', '2020-10-16 04:04:33', '2020-10-16 04:04:33'),
('R.IPAXI2', 'XI IPA 2', '35', NULL, NULL),
('R.IPAXII', 'XII IPA', '35', NULL, NULL);

-- --------------------------------------------------------

--
-- Table structure for table `tbl_siswa`
--

CREATE TABLE `tbl_siswa` (
  `nis` bigint(20) UNSIGNED NOT NULL,
  `nama` varchar(40) COLLATE utf8mb4_unicode_ci NOT NULL,
  `jenis_kelamin` enum('Laki-laki','Perempuan') COLLATE utf8mb4_unicode_ci NOT NULL,
  `alamat_siswa` varchar(100) COLLATE utf8mb4_unicode_ci NOT NULL,
  `tanggal_lahir` date NOT NULL,
  `tempat_lahir` varchar(30) COLLATE utf8mb4_unicode_ci NOT NULL,
  `nama_ayah` varchar(15) COLLATE utf8mb4_unicode_ci NOT NULL,
  `nama_ibu` varchar(15) COLLATE utf8mb4_unicode_ci NOT NULL,
  `alamat_ortu` varchar(100) COLLATE utf8mb4_unicode_ci NOT NULL,
  `no_telp_ortu` varchar(15) COLLATE utf8mb4_unicode_ci NOT NULL,
  `no_telp_siswa` varchar(15) COLLATE utf8mb4_unicode_ci NOT NULL,
  `no_ijazah` varchar(20) COLLATE utf8mb4_unicode_ci NOT NULL,
  `sekolah_asal` varchar(20) COLLATE utf8mb4_unicode_ci NOT NULL,
  `kd_agama` int(11) NOT NULL,
  `foto` varchar(255) COLLATE utf8mb4_unicode_ci DEFAULT NULL,
  `kd_kelas` varchar(10) COLLATE utf8mb4_unicode_ci NOT NULL,
  `status_siswa` varchar(20) COLLATE utf8mb4_unicode_ci NOT NULL,
  `email` varchar(20) COLLATE utf8mb4_unicode_ci NOT NULL,
  `password` varchar(50) COLLATE utf8mb4_unicode_ci NOT NULL,
  `created_at` timestamp NULL DEFAULT NULL,
  `updated_at` timestamp NULL DEFAULT NULL
) ENGINE=InnoDB DEFAULT CHARSET=utf8mb4 COLLATE=utf8mb4_unicode_ci;

--
-- Dumping data for table `tbl_siswa`
--

INSERT INTO `tbl_siswa` (`nis`, `nama`, `jenis_kelamin`, `alamat_siswa`, `tanggal_lahir`, `tempat_lahir`, `nama_ayah`, `nama_ibu`, `alamat_ortu`, `no_telp_ortu`, `no_telp_siswa`, `no_ijazah`, `sekolah_asal`, `kd_agama`, `foto`, `kd_kelas`, `status_siswa`, `email`, `password`, `created_at`, `updated_at`) VALUES
(24521, 'Jeeeen', 'Laki-laki', 'Alamat Siswa', '2006-12-04', 'Tempat', 'Ayah', 'Ibu', 'Alamat Ortu', '0979080990', '098098098', '009-908', 'Sekolah', 1, 'Siswa/aw86Qf1zs3a17pXzX8UtlEEC8eX4mwwuVsM1LbOi.jpeg', 'IPAXI2', 'Aktif', 'guru@gmail.com', '123123', '2020-10-06 23:57:25', '2020-11-21 21:54:27'),
(24522, 'Jen', 'Laki-laki', 'Jl. Dewi Sartika', '2006-12-11', 'Jakarta', 'Bapak', 'Emak', 'Alamat', '09822129452', '089976897688', '666', 'Sekolahan', 1, '1', 'IPAXII', 'Aktif', 'jend@gmail.com', '123123', '2020-10-07 00:26:28', '2020-10-07 00:26:28'),
(24523, 'Ale', 'Perempuan', 'a', '2006-12-19', 'Jakarta', 'a', 'a', 'a', 'a', 'a', 'a', 'a', 3, '1', 'IPSX2', 'Keluar', 'ale@gmail.com', 'ale', '2020-10-07 05:06:34', '2020-10-07 05:06:34'),
(24524, 'Jenii', 'Laki-laki', 'Jl. Dewi Sartika', '2006-12-11', 'Jakarta', 'Bapak', 'Emak', 'Alamat', '09822129452', '089976897688', '666', 'Sekolahan', 5, 'Siswa/3ozb9WSg99wOcjC0fVohiRloQcOvRsgHRWR2EsLM.jpeg', 'IPAXII', 'Aktif', 'jend@gmail.com', '123123', '2020-10-07 22:32:51', '2020-10-08 02:13:38'),
(24525, 'Nama', 'Laki-laki', 'Alamat Siswa', '2006-12-18', 'Tempat', 'Ayah', 'Ibu', 'Alamat Ortu', '123123123123123', '123123123', '8099800090', 'Asal', 5, 'Siswa/TmZ9GyMcVzvrepPfRdg0BSUs2FozZTuASCiADyU1.png', 'IPSXII', 'Lulus', 'jenjenjend@gmail.com', 'gwganteng01', '2020-10-08 00:29:22', '2020-10-08 00:29:22'),
(24526, 'Nama', '', 'Jl. Dewi Sartika', '2006-12-11', 'Tempat', 'Ayah', 'Ibu', 'Alamat Ortu', '0979080990', 'qweqwe', '009-908', 'Asal', 1, 'Siswa/FN70Q8rKzG8xnQJpbc3nWTRczTk952Hm0ryMdchZ.txt', 'IPAX2', 'Aktif', 'admin1@gmail.com', '123123', '2020-10-20 04:42:03', '2020-10-20 04:42:03'),
(24527, 'Siswa', 'Laki-laki', 'Alamat Siswa', '2006-12-04', 'Tempat', 'Ayah', 'Ibu', 'Alamat Ortu', '0979080990', '123123123', '009-908', 'Sekolah', 2, 'Siswa/dY7NuAdugbuOidoUVE8UCZcCTbGGqJ3pkIvgxoX5.jpeg', 'IPAXII', 'Aktif', 'admin1@gmail.com', '123123', '2020-10-20 04:51:54', '2020-11-22 08:39:24'),
(24528, 'Siswa', 'Laki-laki', 'Alamat Siswa', '2006-12-10', 'Tempat', 'Ayah', 'Ibu', 'Alamat Ortu', '0979080990', '123123123', '009-908', 'Sekolah', 3, NULL, 'IPAXII', 'Aktif', 'jenjen@gmail.com', 'gwganteng01', '2020-10-20 12:13:30', '2020-11-22 09:10:17'),
(24529, 'Siswa', 'Laki-laki', 'Alamat Siswa', '2006-12-12', 'Tempat', 'qweqwe', 'Ibu', 'Alamat Ortu', '0979080990', '123123123', '009-908', 'Sekolah', 3, NULL, 'IPAXII', 'Aktif', 'jenjen@gmail.com', 'gwganteng01', '2020-10-20 12:40:57', '2020-11-22 09:11:38'),
(24530, 'Siswa', 'Laki-laki', 'Alamat Siswa', '2006-12-12', 'Tempat', 'qweqwe', 'Ibu', 'Alamat Ortu', '0979080990', '123123123', '009-908', 'Sekolah', 3, NULL, 'IPAXII', 'Aktif', 'jenjen@gmail.com', 'gwganteng01', '2020-10-20 12:53:32', '2020-11-22 09:13:06'),
(24531, 'Siswa', 'Laki-laki', 'Alamat Siswa', '2006-12-12', 'Tempat', 'qweqwe', 'Ibu', 'Alamat Ortu', '0979080990', '123123123', '009-908', 'Sekolah', 3, NULL, 'IPAXII', 'Aktif', 'jenjen@gmail.com', 'gwganteng01', '2020-10-20 12:55:14', '2020-11-22 09:13:28'),
(24532, 'Aleeeeeee', 'Laki-laki', 'Jl. Dewi Sartika', '2006-12-19', 'Jakarta', 'Ayah', 'Ibu', 'Alamat Ortu', '0979080990', '098098098', '009-908', 'Asal', 4, 'Siswa/FlGCQpVlkSINmBOdflEh4iuWyZsAPKyRFfRwFd7M.jpeg', 'IPAX2', 'Aktif', 'jenjen@gmail.com', '123123123', '2020-10-20 12:59:59', '2020-10-20 20:09:05'),
(24533, 'Ale', 'Laki-laki', 'Jl. Dewi Sartika', '2006-12-19', 'Jakarta', 'Ayah', 'Ibu', 'Alamat Ortu', '0979080990', '098098098', '009-908', 'Asal', 4, 'Siswa/ZAv80S4Wb4AT3ETkBcsipEorFR4OF31bG3mmKY9p.jpeg', 'IPAX2', 'Aktif', 'jenjen@gmail.com', 'gwganteng01', '2020-10-20 13:01:51', '2020-10-20 13:01:51'),
(24534, 'Azz', 'Laki-laki', 'Alamat Siswa', '2006-12-11', 'Jakarta', 'Ayah', '12312312', 'Alamat Ortu', '0979080990', '098098098', '8099800090', '1231232', 3, NULL, 'IPSXII', 'Aktif', 'siswa@gmail.com', '123123', '2020-10-22 22:33:03', '2020-10-22 22:33:03'),
(24535, 'Azz', 'Laki-laki', 'Alamat Siswa', '2006-12-11', 'Jakarta', 'Ayah', '12312312', 'Alamat Ortu', '0979080990', '098098098', '8099800090', '1231232', 3, NULL, 'IPSXII', 'Aktif', 'siswa@gmail.com', '123123', '2020-10-22 22:36:02', '2020-10-22 22:36:02'),
(24536, 'Azz', 'Laki-laki', 'Alamat Siswa', '2006-12-11', 'Jakarta', 'Ayah', '12312312', 'Alamat Ortu', '0979080990', '098098098', '8099800090', '1231232', 3, NULL, 'IPSXII', 'Aktif', 'siswa@gmail.com', '123123', '2020-10-22 22:37:34', '2020-10-22 22:37:34'),
(24537, 'zzz', 'Laki-laki', 'Alamat Siswa', '2006-12-17', 'Jakarta', 'Ayah', 'Ibu', 'Alamat Ortu', '0979080990', '123123123', '009-908', 'Sekolah', 3, NULL, 'IPAX2', 'Aktif', 'siswa@gmail.com', '123123', '2020-10-22 23:21:59', '2020-10-22 23:21:59'),
(24538, 'Siswa', 'Laki-laki', 'Alamat Siswa', '2006-12-12', 'Jakarta', 'Ayah', 'Ibu', 'Alamat Ortu', '0979080990', '123123123', '009-908', 'Sekolah', 1, NULL, 'IPAXII', 'Aktif', 'siswa1@gmail.com', '123123', '2020-10-26 02:33:46', '2020-11-22 11:15:51'),
(24539, 'Hiram Rice', 'Laki-laki', '233 Johann Brooks\nEast Westleyport, IL 59974-8154', '2018-03-01', 'Jakarta', 'Ayah', 'Ibu', '109 Hackett Pines Suite 840\nHarrytown, VT 40871-0846', '3', '3', '4', 'beatae', 9, NULL, 'IPAXII', 'aktif', 'hotmail.com', '123123', '2020-11-20 02:21:07', '2020-11-22 09:13:40'),
(24540, 'General Jerde', 'Laki-laki', '10805 Demond Orchard Suite 525\nEast Ashley, NV 61415-0216', '1981-04-24', 'Jakarta', 'Ayah', 'Ibu', '48803 Bernice Flats Suite 583\nTreyview, IA 33243', '1', '4', '1', 'debitis', 6, NULL, 'IPAXII', 'aktif', 'gmail.com', '123123', '2020-11-20 02:21:07', '2020-11-22 09:15:11'),
(24541, 'Dahlia Powlowski', 'Laki-laki', '9178 Koss Plain\nHalvorsonbury, ND 49993-0872', '1999-06-29', 'Jakarta', 'Ayah', 'Ibu', '38497 Gutmann Burgs Suite 054\nNew Thaddeuston, NJ 14299-5770', '3', '2', '6', 'et', 6, NULL, 'IPAXII', 'aktif', 'hotmail.com', '123123', '2020-11-20 02:21:07', '2020-11-22 11:18:42'),
(24542, 'Dr. Ezequiel Rath I', 'Laki-laki', '6749 Tyshawn Bypass Suite 362\nTrantowchester, IN 45127', '1977-12-04', 'Jakarta', 'Ayah', 'Ibu', '371 McKenzie Plaza\nSchuliststad, WY 86364-0936', '3', '4', '1', 'omnis', 7, NULL, 'IPAXII', 'aktif', 'hotmail.com', '123123', '2020-11-20 02:21:07', '2020-11-22 11:25:35'),
(24543, 'Sylvan Gerhold', 'Laki-laki', '34255 Antoinette Alley\nPort Suzannestad, NH 20781', '2007-02-09', 'Jakarta', 'Ayah', 'Ibu', '36381 Opal Shore Suite 585\nMadysontown, VA 56621', '4', '7', '3', 'amet', 7, NULL, 'IPAXII', 'aktif', 'yahoo.com', '123123', '2020-11-20 02:21:07', '2020-11-22 11:25:50'),
(24544, 'Brad Wyman', 'Laki-laki', '59033 Casper Ridge\nWizamouth, MA 61626', '1986-12-07', 'Jakarta', 'Ayah', 'Ibu', '83550 Domenico Point\nWest Donaldmouth, UT 63143-4763', '6', '1', '2', 'harum', 5, NULL, 'IPAXI1', 'aktif', 'hotmail.com', '123123', '2020-11-20 02:21:08', '2020-11-22 07:18:50'),
(24545, 'Meggie Turcotte', 'Laki-laki', '5347 Brakus Corners\nEast Claudieberg, KS 52882', '1993-01-26', 'Jakarta', 'Ayah', 'Ibu', '631 Tremaine Street\nErvinport, OR 02782-8770', '6', '3', '5', 'et', 4, NULL, 'IPAXI1', 'aktif', 'hotmail.com', '123123', '2020-11-20 02:21:08', '2020-11-22 13:31:58'),
(24546, 'Miss Kali Farrell', 'Laki-laki', '559 Vincenzo Brooks\nNorth Bud, ID 40746', '2009-06-21', 'Jakarta', 'Ayah', 'Ibu', '2813 Langosh Lakes Apt. 360\nNorth Alessandro, HI 05112', '2', '6', '1', 'laudantium', 2, NULL, 'IPAXI2', 'aktif', 'gmail.com', '123123', '2020-11-20 02:21:08', '2020-11-24 04:37:43'),
(24547, 'Prof. Dolly Steuber PhD', 'Laki-laki', '5341 Emard Streets Apt. 761\nHoweland, NJ 38991-7353', '1974-04-01', 'Jakarta', 'Ayah', 'Ibu', '700 Schamberger Lane\nPort Chelseamouth, NH 34065', '1', '1', '1', 'aspernatur', 1, NULL, 'IPAXI2', 'aktif', 'yahoo.com', '123123', '2020-11-20 02:21:08', '2020-11-24 12:10:40'),
(24548, 'Dr. Caterina Schuppe MD', 'Laki-laki', '6375 Kiana Drive Apt. 444\nLake Lexieburgh, MS 99450-8495', '2009-11-22', 'Jakarta', 'Ayah', 'Ibu', '94774 Jeanie Well Suite 553\nNew Maryse, WY 42246-7911', '3', '4', '3', 'vel', 1, NULL, 'IPAX1', 'aktif', 'hotmail.com', '123123', '2020-11-20 02:21:08', '2020-11-20 02:21:08'),
(24549, 'Delbert Mante', 'Laki-laki', '63929 Pfannerstill Green Apt. 280\nEast Skyla, ID 93238', '2005-07-24', 'Jakarta', 'Ayah', 'Ibu', '639 Macejkovic Mission\nWest Kristoffer, AZ 78851', '2', '4', '9', 'quia', 1, NULL, 'IPAX1', 'aktif', 'hotmail.com', '123123', '2020-11-20 02:21:08', '2020-11-20 02:21:08'),
(24550, 'Henry Hermann', 'Laki-laki', '651 Bins Island Suite 831\nHermanborough, AL 64933', '1978-03-07', 'Jakarta', 'Ayah', 'Ibu', '20282 Gottlieb Center Apt. 444\nRooseveltfurt, IN 13832-8011', '6', '3', '7', 'ut', 1, NULL, 'IPAX1', 'aktif', 'gmail.com', '123123', '2020-11-20 02:21:08', '2020-11-20 02:21:08'),
(24551, 'Mohamed Reynolds V', 'Laki-laki', '30395 Bernadette Glen\nDarionton, DE 00322-7573', '1987-04-17', 'Jakarta', 'Ayah', 'Ibu', '29829 Yundt Road Apt. 430\nPort Mavismouth, AZ 32645', '0', '1', '2', 'rerum', 6, NULL, 'IPAX1', 'aktif', 'gmail.com', '123123', '2020-11-20 02:21:08', '2020-11-20 02:21:08'),
(24552, 'Dr. Maryam Stracke PhD', 'Laki-laki', '9049 Kaylie Fields Suite 438\nBaileybury, ND 80200-5552', '1985-09-06', 'Jakarta', 'Ayah', 'Ibu', '904 Kessler Radial\nHillshaven, OR 51365', '1', '3', '1', 'ea', 7, NULL, 'IPAX1', 'aktif', 'hotmail.com', '123123', '2020-11-20 02:21:08', '2020-11-20 02:21:08'),
(24553, 'Elna Klein', 'Laki-laki', '100 Hoyt Mission Apt. 950\nHudsonville, HI 31154-5996', '2011-08-16', 'Jakarta', 'Ayah', 'Ibu', '6603 Camryn Tunnel\nKylerfort, AR 41345', '6', '6', '7', 'qui', 2, NULL, 'IPAX1', 'aktif', 'yahoo.com', '123123', '2020-11-20 02:21:08', '2020-11-20 02:21:08'),
(24554, 'Jessyca Rogahn', 'Laki-laki', '3919 Moore Junctions Suite 329\nEast Ida, IL 56720-0254', '1994-04-25', 'Jakarta', 'Ayah', 'Ibu', '319 O\'Connell Route Suite 566\nSouth Anya, KY 68677', '0', '5', '2', 'omnis', 2, NULL, 'IPAX1', 'aktif', 'gmail.com', '123123', '2020-11-20 02:21:08', '2020-11-20 02:21:08'),
(24555, 'Sylvia Wisozk', 'Laki-laki', '5513 Altenwerth Forge Suite 874\nPort Tony, AZ 37506', '1996-01-12', 'Jakarta', 'Ayah', 'Ibu', '7031 Kiehn Isle\nWalkermouth, MO 04773-4004', '1', '9', '9', 'quibusdam', 3, NULL, 'IPAX1', 'aktif', 'hotmail.com', '123123', '2020-11-20 02:21:08', '2020-11-20 02:21:08'),
(24556, 'Madelyn Ortiz PhD', 'Laki-laki', '17212 Johnson Stravenue\nGerryburgh, DE 27061-8085', '2013-01-09', 'Jakarta', 'Ayah', 'Ibu', '8719 Audra Ridges Suite 512\nEast Luigi, NE 77426', '2', '1', '4', 'qui', 2, NULL, 'IPAX1', 'aktif', 'hotmail.com', '123123', '2020-11-20 02:21:08', '2020-11-20 02:21:08'),
(24557, 'Prof. Vincent Breitenberg', 'Laki-laki', '543 Hettinger Shoal Suite 026\nEast Elena, VA 33928-9409', '2015-02-25', 'Jakarta', 'Ayah', 'Ibu', '7954 Batz Field Suite 105\nLake Keira, WV 32244-6987', '7', '5', '0', 'tenetur', 6, NULL, 'IPAX1', 'aktif', 'yahoo.com', '123123', '2020-11-20 02:21:08', '2020-11-20 02:21:08'),
(24558, 'Irwin Schneider', 'Laki-laki', '4328 Berta Dale Suite 205\nO\'Connerton, WA 75534', '2000-01-30', 'Jakarta', 'Ayah', 'Ibu', '802 Irma Throughway Apt. 766\nCoraliechester, GA 60213', '4', '6', '1', 'nulla', 5, NULL, 'IPAX1', 'aktif', 'gmail.com', '123123', '2020-11-20 02:21:08', '2020-11-20 02:21:08'),
(24559, 'Leif Rath', 'Laki-laki', '76342 Ankunding Green Suite 456\nMaxieshire, OR 07904-7825', '2001-06-02', 'Jakarta', 'Ayah', 'Ibu', '217 Carroll Rue Apt. 492\nBrownhaven, CT 47441', '9', '6', '5', 'quos', 3, NULL, 'IPAX1', 'aktif', 'yahoo.com', '123123', '2020-11-20 02:21:09', '2020-11-20 02:21:09'),
(24560, 'Flossie Stracke V', 'Laki-laki', '3390 Wisoky Fields\nKuvalisborough, IA 18125', '1982-12-26', 'Jakarta', 'Ayah', 'Ibu', '343 Sam Falls Suite 898\nEast Nola, TX 22745', '9', '9', '2', 'explicabo', 4, NULL, 'IPAX1', 'aktif', 'gmail.com', '123123', '2020-11-20 02:21:09', '2020-11-20 02:21:09'),
(24561, 'Aliyah Kling III', 'Laki-laki', '956 King Court Apt. 841\nLoyalville, HI 97574-9447', '1997-06-21', 'Jakarta', 'Ayah', 'Ibu', '23001 Bednar Ports Apt. 566\nLockmanside, VA 45674', '5', '9', '7', 'autem', 8, NULL, 'IPAX1', 'aktif', 'hotmail.com', '123123', '2020-11-20 02:21:09', '2020-11-20 02:21:09'),
(24562, 'Luigi Pollich', 'Laki-laki', '17428 Billy Camp Suite 674\nPort Gail, NE 05875', '1999-02-28', 'Jakarta', 'Ayah', 'Ibu', '2639 Lila Drive\nLindgrenfurt, KS 14755-7354', '3', '9', '9', 'sed', 9, NULL, 'IPAX1', 'aktif', 'hotmail.com', '123123', '2020-11-20 02:21:09', '2020-11-20 02:21:09'),
(24563, 'Abigale Lemke DVM', 'Laki-laki', '3800 Kozey Street\nLake Jarodstad, VT 44727-1664', '1974-07-26', 'Jakarta', 'Ayah', 'Ibu', '46952 Tara Roads Apt. 911\nAbbottmouth, OR 23214', '9', '3', '1', 'adipisci', 9, NULL, 'IPAX1', 'aktif', 'hotmail.com', '123123', '2020-11-20 02:21:09', '2020-11-20 02:21:09'),
(24564, 'Mr. Clair Bailey IV', 'Laki-laki', '13747 Pollich Common Apt. 756\nSandraland, DC 86125', '2019-11-24', 'Jakarta', 'Ayah', 'Ibu', '75164 Schowalter Common Suite 186\nWestfurt, VA 84043', '6', '1', '9', 'eius', 9, NULL, 'IPAX1', 'aktif', 'gmail.com', '123123', '2020-11-20 02:21:09', '2020-11-20 02:21:09'),
(24565, 'Dominique Batz', 'Laki-laki', '19316 Danyka Falls Apt. 964\nEast Harmonchester, AL 54485-3143', '2016-01-05', 'Jakarta', 'Ayah', 'Ibu', '96453 Kuhic Overpass\nCarterberg, OH 57456', '3', '5', '0', 'quis', 5, NULL, 'IPAX1', 'aktif', 'hotmail.com', '123123', '2020-11-20 02:21:09', '2020-11-20 02:21:09'),
(24566, 'Kiera Purdy', 'Laki-laki', '972 Yost Rapid\nNew Ansel, MD 66547', '2019-04-13', 'Jakarta', 'Ayah', 'Ibu', '9004 Feest Fords\nHarberhaven, ID 77326', '2', '9', '2', 'ipsa', 1, NULL, 'IPAX1', 'aktif', 'hotmail.com', '123123', '2020-11-20 02:21:09', '2020-11-20 02:21:09'),
(24567, 'Ward Batz', 'Laki-laki', '136 Frami Mount Apt. 686\nKathrynberg, PA 50699', '1983-06-25', 'Jakarta', 'Ayah', 'Ibu', '48681 Corkery Light\nWest Laurine, MA 85736-8689', '0', '2', '6', 'eos', 1, NULL, 'IPAXI1', 'aktif', 'gmail.com', '123123', '2020-11-21 23:33:54', '2020-11-21 23:33:54'),
(24568, 'Prof. Andrew Parisian V', 'Laki-laki', '91171 Sonya Roads\nSouth Deliabury, ID 84886', '1979-06-26', 'Jakarta', 'Ayah', 'Ibu', '2766 Quitzon Mission Suite 848\nNew Joshua, ID 05909', '8', '0', '3', 'iste', 2, NULL, 'IPAXI1', 'aktif', 'yahoo.com', '123123', '2020-11-21 23:33:54', '2020-11-21 23:33:54'),
(24569, 'Leone Cronin Sr.', 'Laki-laki', '8757 Baby Creek\nNorth Eastonbury, PA 68924', '1982-07-23', 'Jakarta', 'Ayah', 'Ibu', '40056 Opal Fall Apt. 769\nNorth Gloria, PA 25492', '2', '2', '7', 'praesentium', 2, NULL, 'IPAXI1', 'aktif', 'yahoo.com', '123123', '2020-11-21 23:33:54', '2020-11-21 23:33:54'),
(24570, 'Caden Schiller MD', 'Laki-laki', '2168 Mayert Heights Suite 319\nEast Jeffrey, CT 21726', '2006-06-05', 'Jakarta', 'Ayah', 'Ibu', '5872 Kohler Burgs Suite 385\nSouth Hellenfurt, FL 26949-7708', '8', '1', '5', 'optio', 1, NULL, 'IPAXI1', 'aktif', 'gmail.com', '123123', '2020-11-21 23:33:54', '2020-11-21 23:33:54'),
(24571, 'Victor Koss', 'Laki-laki', '4220 Marquardt Mountain\nNew Madisyn, NC 54785-2754', '2019-05-14', 'Jakarta', 'Ayah', 'Ibu', '56194 Harley Rest Apt. 658\nSouth Bridgettestad, VA 11286-8464', '9', '5', '0', 'voluptatem', 1, NULL, 'IPAXI1', 'aktif', 'gmail.com', '123123', '2020-11-21 23:33:55', '2020-11-21 23:33:55'),
(24572, 'Mrs. Ashlee Johns IV', 'Laki-laki', '68228 Niko Mill Apt. 013\nNonaside, VA 89930-7154', '1991-01-06', 'Jakarta', 'Ayah', 'Ibu', '87000 Norwood Fords\nKihnshire, IN 80401-3316', '5', '8', '7', 'qui', 9, NULL, 'IPAXI1', 'aktif', 'hotmail.com', '123123', '2020-11-21 23:33:55', '2020-11-21 23:33:55'),
(24573, 'Mr. Drake Jerde', 'Laki-laki', '798 Bradtke Turnpike\nKayleeshire, MI 20930', '1992-10-04', 'Jakarta', 'Ayah', 'Ibu', '80196 Christian Valleys\nDoyleland, IN 47377-9486', '9', '5', '4', 'dolor', 4, NULL, 'IPAXI1', 'aktif', 'yahoo.com', '123123', '2020-11-21 23:33:55', '2020-11-21 23:33:55'),
(24574, 'Mr. Jamir Buckridge', 'Laki-laki', '1723 Dicki Mountains\nCecileport, KS 14514-0553', '1993-12-15', 'Jakarta', 'Ayah', 'Ibu', '67725 Hettinger Overpass\nMillsmouth, MI 54413-9176', '5', '2', '7', 'maxime', 1, NULL, 'IPAXI1', 'aktif', 'gmail.com', '123123', '2020-11-21 23:33:55', '2020-11-21 23:33:55'),
(24575, 'Dr. Ola Adams V', 'Laki-laki', '511 Rosario Courts\nOlsonhaven, AR 61839-2433', '1977-06-24', 'Jakarta', 'Ayah', 'Ibu', '8661 Cornelius Island Apt. 502\nNorth Lincolnmouth, MA 91714-2139', '9', '2', '9', 'unde', 2, NULL, 'IPAXI1', 'aktif', 'hotmail.com', '123123', '2020-11-21 23:33:55', '2020-11-21 23:33:55'),
(24576, 'Alayna Koepp', 'Laki-laki', '876 Gianni Centers\nTillmantown, IL 99396-4745', '1987-01-29', 'Jakarta', 'Ayah', 'Ibu', '8682 Felton Bypass\nPort Destiny, ME 78693', '1', '4', '7', 'id', 1, NULL, 'IPAXI1', 'aktif', 'gmail.com', '123123', '2020-11-21 23:33:55', '2020-11-21 23:33:55'),
(24577, 'Mr. Julian Hirthe II', 'Laki-laki', '3569 Sydney Mount\nMcKenziechester, CT 63462-9294', '1970-01-19', 'Jakarta', 'Ayah', 'Ibu', '34575 McKenzie Mall Apt. 511\nWest Lizethborough, AK 10913', '0', '9', '2', 'sed', 8, NULL, 'IPAXI1', 'aktif', 'hotmail.com', '123123', '2020-11-21 23:33:55', '2020-11-21 23:33:55'),
(24578, 'Eldora Graham', 'Laki-laki', '2694 Alexandre Point\nNew Johnnie, TN 20709', '1997-01-18', 'Jakarta', 'Ayah', 'Ibu', '183 Will Stream Suite 689\nPfannerstillshire, RI 83355-6421', '3', '1', '4', 'officia', 6, NULL, 'IPAXI1', 'aktif', 'yahoo.com', '123123', '2020-11-21 23:33:55', '2020-11-21 23:33:55'),
(24579, 'Miss Lisa Ziemann MD', 'Laki-laki', '6937 Farrell Parkway\nPort Garrick, AR 96049', '1972-03-15', 'Jakarta', 'Ayah', 'Ibu', '331 Hintz Corners\nKaelynshire, AK 05974', '1', '4', '0', 'animi', 8, NULL, 'IPAXI1', 'aktif', 'yahoo.com', '123123', '2020-11-21 23:33:55', '2020-11-21 23:33:55'),
(24580, 'Joanny Daugherty', 'Laki-laki', '7160 Jettie Lights\nLangoshville, UT 60852-7044', '1993-08-28', 'Jakarta', 'Ayah', 'Ibu', '280 Corene Ridge\nLake Fernehaven, CT 77020-7970', '5', '2', '2', 'natus', 1, NULL, 'IPAXI1', 'aktif', 'yahoo.com', '123123', '2020-11-21 23:33:56', '2020-11-21 23:33:56'),
(24581, 'Jamir Herzog III', 'Laki-laki', '1981 Wilkinson Row Apt. 011\nNew Makenzie, DE 13054-0970', '1988-09-23', 'Jakarta', 'Ayah', 'Ibu', '45383 Cornelius Road Apt. 233\nLake Keely, AK 81523-0276', '1', '2', '2', 'natus', 4, NULL, 'IPAXI1', 'aktif', 'gmail.com', '123123', '2020-11-21 23:33:56', '2020-11-21 23:33:56'),
(24582, 'Sydni Schoen', 'Laki-laki', '6487 Andrew Pine Suite 237\nPort Olen, OK 38810-9902', '2013-06-07', 'Jakarta', 'Ayah', 'Ibu', '888 Abdiel Causeway Apt. 586\nWest Hardy, ID 99476', '4', '7', '7', 'facere', 2, NULL, 'IPAXI1', 'aktif', 'yahoo.com', '123123', '2020-11-21 23:33:56', '2020-11-21 23:33:56'),
(24583, 'Nyasia Murazik', 'Laki-laki', '2749 Emilio Junction Apt. 435\nEast Vernaview, WI 42159', '1979-02-23', 'Jakarta', 'Ayah', 'Ibu', '739 Fisher Mills\nStarkbury, MT 19353', '1', '7', '8', 'voluptas', 8, NULL, 'IPAXI1', 'aktif', 'gmail.com', '123123', '2020-11-21 23:33:56', '2020-11-21 23:33:56'),
(24584, 'Jameson Schowalter', 'Laki-laki', '4355 Amaya Glen\nJacobsonberg, TX 46131-1279', '1976-10-15', 'Jakarta', 'Ayah', 'Ibu', '283 Waino Pass Apt. 882\nVivienville, OR 51175', '4', '7', '5', 'nam', 8, NULL, 'IPAXI1', 'aktif', 'yahoo.com', '123123', '2020-11-21 23:33:56', '2020-11-21 23:33:56'),
(24585, 'Prof. Hallie Jaskolski', 'Laki-laki', '653 Liza Parkway Suite 907\nNorth Laverne, AZ 12655', '2008-02-11', 'Jakarta', 'Ayah', 'Ibu', '5782 Cullen Manor\nLake Jo, SC 00301-4315', '5', '6', '4', 'minima', 5, NULL, 'IPAXI1', 'aktif', 'yahoo.com', '123123', '2020-11-21 23:33:56', '2020-11-21 23:33:56'),
(24586, 'Kellie Auer', 'Laki-laki', '477 Paucek Estate Apt. 287\nSouth Emerystad, AL 90084', '1972-01-31', 'Jakarta', 'Ayah', 'Ibu', '32988 Jeanne Overpass Apt. 219\nLake Helmer, NE 82825', '1', '4', '8', 'rem', 2, NULL, 'IPAXI1', 'aktif', 'gmail.com', '123123', '2020-11-21 23:33:56', '2020-11-21 23:33:56'),
(24587, 'Mr. Albin Paucek', 'Laki-laki', '953 Lori Union\nJacobiton, ME 97602-7757', '1977-12-16', 'Jakarta', 'Ayah', 'Ibu', '844 Rodriguez Crest\nTurcottestad, AL 94216', '6', '1', '0', 'quia', 5, NULL, 'IPAXII', 'aktif', 'yahoo.com', '123123', '2020-11-22 10:51:32', '2020-11-22 10:51:32'),
(24588, 'Precious Stamm DDS', 'Laki-laki', '2024 Maximilian View\nWest Ramonamouth, HI 43113-6051', '1972-03-01', 'Jakarta', 'Ayah', 'Ibu', '463 Valentina Passage\nAmyamouth, VT 23805-0864', '1', '9', '4', 'et', 2, NULL, 'IPAXII', 'aktif', 'yahoo.com', '123123', '2020-11-22 10:51:33', '2020-11-22 10:51:33'),
(24589, 'Francisca Bradtke', 'Laki-laki', '989 Ezra Pike\nLeaborough, NJ 49385', '2017-08-25', 'Jakarta', 'Ayah', 'Ibu', '632 Chance Meadow Apt. 215\nWolffview, AR 34016-6265', '5', '3', '1', 'ab', 1, NULL, 'IPAXII', 'aktif', 'yahoo.com', '123123', '2020-11-22 10:51:33', '2020-11-22 10:51:33'),
(24590, 'Mrs. Tiana Terry Jr.', 'Laki-laki', '75602 Hartmann Harbors\nRileymouth, OK 99258', '1983-04-18', 'Jakarta', 'Ayah', 'Ibu', '4799 Amely River Apt. 216\nPort Ford, AL 99462-2705', '9', '5', '2', 'sit', 6, NULL, 'IPAXII', 'aktif', 'gmail.com', '123123', '2020-11-22 10:51:34', '2020-11-22 10:51:34'),
(24591, 'Elza Wyman II', 'Laki-laki', '49287 Ondricka Inlet\nDeckowhaven, CA 95325', '2007-09-03', 'Jakarta', 'Ayah', 'Ibu', '50858 McLaughlin Common\nSouth Ramona, GA 30424', '4', '1', '4', 'rerum', 1, NULL, 'IPAXII', 'aktif', 'gmail.com', '123123', '2020-11-22 10:51:34', '2020-11-22 10:51:34'),
(24592, 'Sonny Schroeder DVM', 'Laki-laki', '28530 Schowalter Groves Apt. 493\nStromantown, IN 25359-9841', '2005-11-05', 'Jakarta', 'Ayah', 'Ibu', '48037 Legros Keys Apt. 195\nLake Keyonburgh, MO 50152-7439', '6', '0', '7', 'perspiciatis', 8, NULL, 'IPAXII', 'aktif', 'gmail.com', '123123', '2020-11-22 10:51:34', '2020-11-22 10:51:34'),
(24593, 'Jordane Tillman II', 'Laki-laki', '538 Casper Falls Apt. 198\nNorth Bert, DE 60364-1238', '2004-02-27', 'Jakarta', 'Ayah', 'Ibu', '1056 Alfonzo Run\nPort Hardystad, TN 21093-3217', '9', '5', '3', 'sint', 6, NULL, 'IPAXII', 'aktif', 'gmail.com', '123123', '2020-11-22 10:51:34', '2020-11-22 10:51:34'),
(24594, 'Andreane Beer', 'Laki-laki', '53613 Noel Haven\nBeahanhaven, NV 58059-4027', '2012-04-07', 'Jakarta', 'Ayah', 'Ibu', '64273 Cathrine Fort\nSouth Matilde, VT 71658', '7', '8', '0', 'incidunt', 3, NULL, 'IPAXII', 'aktif', 'gmail.com', '123123', '2020-11-22 10:51:34', '2020-11-22 10:51:34'),
(24595, 'Darlene Koepp', 'Laki-laki', '23994 Champlin Heights Suite 431\nEast Cathrine, MD 65781', '2017-04-17', 'Jakarta', 'Ayah', 'Ibu', '60361 Lonie Squares Suite 425\nEstaland, ND 53663-1250', '0', '1', '9', 'nihil', 9, NULL, 'IPAXII', 'aktif', 'yahoo.com', '123123', '2020-11-22 10:51:34', '2020-11-22 10:51:34'),
(24596, 'Mr. Derek Kozey Jr.', 'Laki-laki', '728 Gilbert Orchard Suite 166\nEast Nelliemouth, FL 11707-3102', '2012-02-27', 'Jakarta', 'Ayah', 'Ibu', '12120 Kohler Street Apt. 599\nNorth Lawrenceville, NJ 18827-7668', '3', '8', '8', 'rerum', 8, NULL, 'IPAXII', 'aktif', 'yahoo.com', '123123', '2020-11-22 10:51:35', '2020-11-22 10:51:35'),
(24597, 'Prof. Jarod Gaylord DVM', 'Laki-laki', '5521 Esta Corner Suite 641\nWest Estherfort, OR 29296-2196', '1975-05-26', 'Jakarta', 'Ayah', 'Ibu', '58288 Bartoletti Village\nBarrowsside, UT 57471-0511', '7', '9', '8', 'beatae', 8, NULL, 'IPAXII', 'aktif', 'gmail.com', '123123', '2020-11-22 10:51:35', '2020-11-22 10:51:35'),
(24598, 'Mr. Alan Krajcik', 'Laki-laki', '16886 Laverna Points\nEmmymouth, DC 55910', '1995-11-05', 'Jakarta', 'Ayah', 'Ibu', '478 Marty Vista\nO\'Haraberg, ME 47757-7745', '0', '9', '1', 'magnam', 5, NULL, 'IPAXII', 'aktif', 'hotmail.com', '123123', '2020-11-22 10:51:35', '2020-11-22 10:51:35'),
(24599, 'Dr. Frederic Jacobi Jr.', 'Laki-laki', '8266 Hickle Curve\nNorth Janis, CA 76292-4108', '1970-10-24', 'Jakarta', 'Ayah', 'Ibu', '55697 Conroy Squares Suite 670\nGulgowskichester, ME 74857-4320', '9', '5', '2', 'in', 8, NULL, 'IPAXII', 'aktif', 'gmail.com', '123123', '2020-11-22 10:51:35', '2020-11-22 10:51:35'),
(24600, 'Otha Kunze', 'Laki-laki', '484 Cale Circle\nThomasberg, OR 46281', '2009-11-28', 'Jakarta', 'Ayah', 'Ibu', '98604 Chris Crest\nPort Celestino, NH 61046-8481', '8', '0', '4', 'illo', 2, NULL, 'IPAXII', 'aktif', 'hotmail.com', '123123', '2020-11-22 10:51:35', '2020-11-22 10:51:35'),
(24601, 'Elyse Muller', 'Laki-laki', '2201 Homenick Drive Suite 284\nHymanport, MN 53839-3239', '1991-08-30', 'Jakarta', 'Ayah', 'Ibu', '3703 Stokes Inlet\nLake Kathlyn, AK 51076-2281', '1', '0', '1', 'nam', 5, NULL, 'IPAXII', 'aktif', 'hotmail.com', '123123', '2020-11-22 10:51:35', '2020-11-22 10:51:35'),
(24602, 'Tomas Treutel DDS', 'Laki-laki', '906 Bednar Bypass Suite 547\nSouth Lorenzchester, WA 34766-1290', '2010-02-05', 'Jakarta', 'Ayah', 'Ibu', '93057 Golda Dale\nLaurynport, KY 96566', '3', '9', '6', 'ratione', 5, NULL, 'IPAXII', 'aktif', 'gmail.com', '123123', '2020-11-22 10:51:35', '2020-11-22 10:51:35'),
(24603, 'Citlalli Marquardt', 'Laki-laki', '975 Sporer Camp\nPort Santina, CO 24108-8739', '2000-08-05', 'Jakarta', 'Ayah', 'Ibu', '914 Stracke Dam\nLake Minnieville, TX 56174', '3', '2', '6', 'repellat', 9, NULL, 'IPAXII', 'aktif', 'yahoo.com', '123123', '2020-11-22 10:51:35', '2020-11-22 10:51:35'),
(24604, 'Garett Berge DDS', 'Laki-laki', '43458 Kilback Mills Apt. 873\nLockmanberg, WV 57681-7756', '1974-12-13', 'Jakarta', 'Ayah', 'Ibu', '93026 Barney Shoal\nEast Micah, SC 06342-4303', '1', '0', '9', 'est', 2, NULL, 'IPAXII', 'aktif', 'yahoo.com', '123123', '2020-11-22 10:51:35', '2020-11-22 10:51:35'),
(24605, 'Mr. Izaiah Hahn II', 'Laki-laki', '89439 Kiel Crescent\nEast Edaton, UT 69875-2158', '1988-01-25', 'Jakarta', 'Ayah', 'Ibu', '70230 Aubrey Mills Suite 658\nEast Cortney, NC 43755', '8', '0', '5', 'architecto', 3, NULL, 'IPAXII', 'aktif', 'gmail.com', '123123', '2020-11-22 10:51:35', '2020-11-22 10:51:35'),
(24606, 'Lauretta Howe', 'Laki-laki', '8225 Regan Key Suite 145\nTowneberg, IL 41784', '1979-01-06', 'Jakarta', 'Ayah', 'Ibu', '9032 Reed Curve\nBoyerchester, WV 82918-7411', '8', '5', '8', 'occaecati', 9, NULL, 'IPAXII', 'aktif', 'gmail.com', '123123', '2020-11-22 10:51:36', '2020-11-22 10:51:36'),
(24607, 'Lucie Koss', 'Laki-laki', '92964 Abernathy Lodge\nPort Alejandrin, HI 37681-7886', '2006-08-26', 'Jakarta', 'Ayah', 'Ibu', '30013 Kertzmann Glen Apt. 369\nKristopherville, FL 91145-4212', '3', '5', '2', 'unde', 7, NULL, 'IPAXII', 'aktif', 'gmail.com', '123123', '2020-11-22 11:12:01', '2020-11-22 11:12:01'),
(24608, 'Irma Fadel', 'Laki-laki', '55257 Cummings Island Suite 000\nNorth Mertie, GA 04020-9798', '1974-09-21', 'Jakarta', 'Ayah', 'Ibu', '772 Jayde Ports Apt. 872\nEast Hudson, PA 77154', '7', '7', '4', 'quidem', 6, NULL, 'IPAXII', 'aktif', 'hotmail.com', '123123', '2020-11-22 11:12:02', '2020-11-22 11:12:02'),
(24609, 'Dr. Karlie Lemke', 'Laki-laki', '4742 Sonny Station\nNorth Burniceshire, KS 44297', '2013-11-29', 'Jakarta', 'Ayah', 'Ibu', '37024 Koelpin Groves Suite 391\nPort Giles, WI 47914-9675', '6', '9', '4', 'sit', 9, NULL, 'IPAXII', 'aktif', 'gmail.com', '123123', '2020-11-22 11:12:02', '2020-11-22 11:12:02'),
(24610, 'Dr. Maryam Herzog', 'Laki-laki', '5776 Stiedemann Harbors Apt. 495\nNorth Johann, NV 95975-7374', '2006-09-23', 'Jakarta', 'Ayah', 'Ibu', '208 Cydney Flat\nSouth Leopold, DE 47959', '4', '8', '8', 'ipsa', 4, NULL, 'IPAXII', 'aktif', 'gmail.com', '123123', '2020-11-22 11:12:02', '2020-11-22 11:12:02'),
(24611, 'Rick Wehner', 'Laki-laki', '897 Lawson Key Apt. 330\nLake Ricky, VT 14631', '1995-07-23', 'Jakarta', 'Ayah', 'Ibu', '99863 Schuppe Forks\nNorth Antonette, MS 74516-8993', '3', '5', '3', 'nihil', 9, NULL, 'IPAXII', 'aktif', 'yahoo.com', '123123', '2020-11-22 11:12:02', '2020-11-22 11:12:02'),
(24612, 'Miss Tressa Murray III', 'Laki-laki', '45047 Jaquan Roads\nBartolettimouth, NJ 26541', '2010-09-14', 'Jakarta', 'Ayah', 'Ibu', '4417 Alfreda Courts Suite 630\nFarrellmouth, OR 04451', '6', '1', '4', 'sequi', 6, NULL, 'IPAXII', 'aktif', 'hotmail.com', '123123', '2020-11-22 11:12:02', '2020-11-22 11:12:02'),
(24613, 'Dr. Kolby Altenwerth DVM', 'Laki-laki', '6386 Lind Station Apt. 028\nLake Alessandra, MS 17828', '2001-06-11', 'Jakarta', 'Ayah', 'Ibu', '3261 Armstrong Ports\nBeahanview, OR 71322', '8', '4', '6', 'possimus', 5, NULL, 'IPAXI1', 'aktif', 'yahoo.com', '123123', '2020-11-22 12:26:11', '2020-11-22 12:26:11'),
(24614, 'Allie Hoppe', 'Laki-laki', '46734 Lucie Parkways Suite 973\nLueilwitzburgh, ID 48458', '2010-10-28', 'Jakarta', 'Ayah', 'Ibu', '69217 Kub Unions Suite 750\nWest Naomiborough, MT 21123-6384', '9', '9', '2', 'in', 5, NULL, 'IPAXI1', 'aktif', 'yahoo.com', '123123', '2020-11-22 12:26:11', '2020-11-22 12:26:11'),
(24615, 'Terrance Schoen', 'Laki-laki', '308 Baumbach Pass\nChazbury, GA 49427', '2018-07-10', 'Jakarta', 'Ayah', 'Ibu', '969 Hand Circle\nMarvinborough, MA 41311-3760', '0', '8', '1', 'qui', 3, NULL, 'IPAXI1', 'aktif', 'gmail.com', '123123', '2020-11-22 12:26:11', '2020-11-22 12:26:11'),
(24616, 'Jairo Walter DDS', 'Laki-laki', '42419 Brennon Trail\nNorth Maddisonland, SD 78203', '2017-04-11', 'Jakarta', 'Ayah', 'Ibu', '409 Jast Brook\nLake Sigmund, OK 00610', '2', '5', '8', 'asperiores', 8, NULL, 'IPAXI1', 'aktif', 'hotmail.com', '123123', '2020-11-22 12:26:11', '2020-11-22 12:26:11'),
(24617, 'Pietro Thompson', 'Laki-laki', '97088 Orn Drive\nWeldonton, VT 50629', '1987-12-25', 'Jakarta', 'Ayah', 'Ibu', '43437 Rosanna Junction Apt. 363\nEast Reginald, HI 91692-6392', '3', '3', '7', 'rerum', 1, NULL, 'IPAXI1', 'aktif', 'gmail.com', '123123', '2020-11-22 12:26:11', '2020-11-22 12:26:11'),
(24618, 'Lucas Rogahn V', 'Laki-laki', '47083 German Spurs\nSouth Wilhelmtown, NM 92972-8974', '2007-08-21', 'Jakarta', 'Ayah', 'Ibu', '5400 Vicenta Fork Suite 748\nEast Flohaven, NY 98684', '8', '8', '1', 'ipsa', 9, NULL, 'IPAXI1', 'aktif', 'gmail.com', '123123', '2020-11-22 12:26:11', '2020-11-22 12:26:11'),
(24619, 'Ola Kulas', 'Laki-laki', '466 Hollie Tunnel Suite 423\nDibbertview, MS 94872-8196', '1997-05-02', 'Jakarta', 'Ayah', 'Ibu', '6604 Hortense Plains Apt. 391\nNew Nat, OH 11915', '4', '8', '3', 'vitae', 6, NULL, 'IPAXI1', 'aktif', 'hotmail.com', '123123', '2020-11-22 12:26:12', '2020-11-22 12:26:12'),
(24620, 'Jocelyn Farrell', 'Laki-laki', '6592 Predovic Station Suite 122\nLake Gage, MD 17899-6631', '2019-02-14', 'Jakarta', 'Ayah', 'Ibu', '39218 Marisol Meadows Suite 968\nDenesikborough, TX 65229', '1', '5', '1', 'odit', 9, NULL, 'IPAXI1', 'aktif', 'yahoo.com', '123123', '2020-11-22 12:26:12', '2020-11-22 12:26:12'),
(24621, 'Juana Macejkovic', 'Laki-laki', '4001 Eichmann Causeway Apt. 647\nLaviniamouth, WA 47934-5622', '2002-10-10', 'Jakarta', 'Ayah', 'Ibu', '73809 Frederic Fields Apt. 214\nWest Elijahbury, AR 63823-6896', '6', '0', '5', 'aperiam', 4, NULL, 'IPAXI1', 'aktif', 'gmail.com', '123123', '2020-11-22 12:26:12', '2020-11-22 12:26:12'),
(24622, 'Charley Anderson', 'Laki-laki', '37714 Althea Springs Suite 020\nMarjoriebury, VT 97779-2874', '1996-12-25', 'Jakarta', 'Ayah', 'Ibu', '394 Theodora Path\nKeatonfort, WV 14974-1618', '3', '7', '7', 'vitae', 4, NULL, 'IPAXI1', 'aktif', 'gmail.com', '123123', '2020-11-22 12:35:53', '2020-11-22 12:35:53'),
(24623, 'Blaze Durgan', 'Laki-laki', '558 Earlene Springs\nWest Jordan, ME 86214-7490', '1978-10-16', 'Jakarta', 'Ayah', 'Ibu', '12274 Leta Viaduct\nRunolfssonburgh, ID 63590', '1', '0', '6', 'rem', 1, NULL, 'IPAXI1', 'aktif', 'hotmail.com', '123123', '2020-11-22 12:35:53', '2020-11-22 12:35:53'),
(24624, 'Luisa Nader DDS', 'Laki-laki', '1708 Sheridan Skyway Apt. 167\nPort Una, RI 67678-1511', '2016-11-05', 'Jakarta', 'Ayah', 'Ibu', '40879 Dell Key\nStarkborough, MN 99349', '0', '7', '8', 'unde', 6, NULL, 'IPAXI1', 'aktif', 'hotmail.com', '123123', '2020-11-22 12:35:53', '2020-11-22 12:35:53'),
(24625, 'Ms. Reina Marks', 'Laki-laki', '4629 Gulgowski Alley\nReingerside, OK 34180', '2007-04-13', 'Jakarta', 'Ayah', 'Ibu', '440 Nicolas Manors\nWest Sarai, HI 07810-9276', '9', '8', '7', 'temporibus', 9, NULL, 'IPAXI1', 'aktif', 'hotmail.com', '123123', '2020-11-22 12:35:53', '2020-11-22 12:35:53');

-- --------------------------------------------------------

--
-- Table structure for table `tbl_tahun_akademik`
--

CREATE TABLE `tbl_tahun_akademik` (
  `id_tahun_akademik` bigint(20) UNSIGNED NOT NULL,
  `tahun_akademik` varchar(10) COLLATE utf8mb4_unicode_ci NOT NULL,
  `is_aktif` enum('Y','N') COLLATE utf8mb4_unicode_ci NOT NULL,
  `semester` varchar(10) COLLATE utf8mb4_unicode_ci DEFAULT NULL,
  `created_at` timestamp NULL DEFAULT NULL,
  `updated_at` timestamp NULL DEFAULT NULL
) ENGINE=InnoDB DEFAULT CHARSET=utf8mb4 COLLATE=utf8mb4_unicode_ci;

--
-- Dumping data for table `tbl_tahun_akademik`
--

INSERT INTO `tbl_tahun_akademik` (`id_tahun_akademik`, `tahun_akademik`, `is_aktif`, `semester`, `created_at`, `updated_at`) VALUES
(15, '2020', 'Y', NULL, '2020-11-27 21:40:11', '2020-11-27 21:40:11'),
(16, '2030', 'N', '', '2020-11-27 21:40:44', '2020-11-27 21:42:04');

-- --------------------------------------------------------

--
-- Table structure for table `tbl_tingkatan_kelas`
--

CREATE TABLE `tbl_tingkatan_kelas` (
  `kd_tingkatan` varchar(5) COLLATE utf8mb4_unicode_ci NOT NULL,
  `nama_tingkatan` varchar(30) COLLATE utf8mb4_unicode_ci NOT NULL,
  `created_at` timestamp NULL DEFAULT NULL,
  `updated_at` timestamp NULL DEFAULT NULL
) ENGINE=InnoDB DEFAULT CHARSET=utf8mb4 COLLATE=utf8mb4_unicode_ci;

--
-- Dumping data for table `tbl_tingkatan_kelas`
--

INSERT INTO `tbl_tingkatan_kelas` (`kd_tingkatan`, `nama_tingkatan`, `created_at`, `updated_at`) VALUES
('001', 'X', '2020-10-09 22:55:39', '2020-10-09 22:55:39'),
('002', 'XI', '2020-10-09 22:55:53', '2020-10-09 22:55:53'),
('003', 'XII', '2020-10-09 22:56:24', '2020-10-09 22:56:24');

-- --------------------------------------------------------

--
-- Table structure for table `tbl_user`
--

CREATE TABLE `tbl_user` (
  `id_user` bigint(20) UNSIGNED NOT NULL,
  `nama_lengkap` varchar(40) COLLATE utf8mb4_unicode_ci NOT NULL,
  `email` varchar(30) COLLATE utf8mb4_unicode_ci NOT NULL,
  `password` varchar(40) COLLATE utf8mb4_unicode_ci NOT NULL,
  `id_level_user` int(11) NOT NULL,
  `foto` varchar(255) COLLATE utf8mb4_unicode_ci DEFAULT NULL,
  `created_at` timestamp NULL DEFAULT NULL,
  `updated_at` timestamp NULL DEFAULT NULL,
  `email_verified_at` timestamp NULL DEFAULT NULL,
  `remember_token` varchar(100) COLLATE utf8mb4_unicode_ci DEFAULT NULL
) ENGINE=InnoDB DEFAULT CHARSET=utf8mb4 COLLATE=utf8mb4_unicode_ci;

-- --------------------------------------------------------

--
-- Table structure for table `tbl_user_rules`
--

CREATE TABLE `tbl_user_rules` (
  `id_rule` bigint(20) UNSIGNED NOT NULL,
  `id_menu` int(11) NOT NULL,
  `id_level_user` int(11) NOT NULL,
  `created_at` timestamp NULL DEFAULT NULL,
  `updated_at` timestamp NULL DEFAULT NULL
) ENGINE=InnoDB DEFAULT CHARSET=utf8mb4 COLLATE=utf8mb4_unicode_ci;

--
-- Dumping data for table `tbl_user_rules`
--

INSERT INTO `tbl_user_rules` (`id_rule`, `id_menu`, `id_level_user`, `created_at`, `updated_at`) VALUES
(1, 16, 4, NULL, NULL),
(2, 1, 1, NULL, NULL),
(3, 2, 1, NULL, NULL),
(4, 3, 1, NULL, NULL),
(5, 4, 1, NULL, NULL),
(6, 5, 1, NULL, NULL),
(7, 7, 1, NULL, NULL),
(8, 8, 1, NULL, NULL),
(9, 11, 1, NULL, NULL),
(10, 6, 1, NULL, NULL),
(11, 14, 1, NULL, NULL),
(13, 13, 1, NULL, NULL),
(14, 12, 1, NULL, NULL),
(15, 10, 1, NULL, NULL),
(16, 9, 1, NULL, NULL),
(17, 11, 3, NULL, NULL),
(19, 17, 3, NULL, NULL),
(34, 18, 3, NULL, NULL),
(37, 12, 3, NULL, NULL),
(38, 12, 6, NULL, NULL),
(41, 11, 5, NULL, NULL),
(42, 19, 5, NULL, NULL),
(44, 20, 5, NULL, NULL),
(45, 21, 6, NULL, NULL),
(47, 25, 3, '2020-11-27 00:36:01', '2020-11-27 00:36:01'),
(48, 15, 1, '2020-11-27 00:47:21', '2020-11-27 00:47:21'),
(49, 25, 6, '2020-11-28 00:51:32', '2020-11-28 00:51:32');

-- --------------------------------------------------------

--
-- Table structure for table `tbl_walikelas`
--

CREATE TABLE `tbl_walikelas` (
  `id_walikelas` bigint(20) UNSIGNED NOT NULL,
  `id_guru` int(11) NOT NULL,
  `id_tahun_akademik` int(11) NOT NULL,
  `kd_kelas` varchar(10) COLLATE utf8mb4_unicode_ci NOT NULL,
  `kd_jurusan` varchar(5) COLLATE utf8mb4_unicode_ci NOT NULL,
  `kd_tingkatan` varchar(5) COLLATE utf8mb4_unicode_ci NOT NULL,
  `created_at` timestamp NULL DEFAULT NULL,
  `updated_at` timestamp NULL DEFAULT NULL
) ENGINE=InnoDB DEFAULT CHARSET=utf8mb4 COLLATE=utf8mb4_unicode_ci;

--
-- Dumping data for table `tbl_walikelas`
--

INSERT INTO `tbl_walikelas` (`id_walikelas`, `id_guru`, `id_tahun_akademik`, `kd_kelas`, `kd_jurusan`, `kd_tingkatan`, `created_at`, `updated_at`) VALUES
(91, 11, 15, 'IPAX1', 'IPA', '001', '2020-11-27 21:40:11', '2020-11-27 21:41:27'),
(92, 12, 15, 'IPAX2', 'IPA', '001', '2020-11-27 21:40:14', '2020-11-27 21:41:30'),
(93, 0, 15, 'IPAXI1', 'IPA', '002', '2020-11-27 21:40:14', '2020-11-27 21:40:14'),
(94, 0, 15, 'IPAXI2', 'IPA', '002', '2020-11-27 21:40:19', '2020-11-27 21:40:19'),
(95, 0, 15, 'IPAXII', 'IPA', '003', '2020-11-27 21:40:19', '2020-11-27 21:40:19'),
(96, 0, 15, 'IPSX1', 'IPS', '001', '2020-11-27 21:40:22', '2020-11-27 21:40:22'),
(97, 0, 15, 'IPSX2', 'IPS', '001', '2020-11-27 21:40:22', '2020-11-27 21:40:22'),
(98, 0, 15, 'IPSXI', 'IPS', '002', '2020-11-27 21:40:23', '2020-11-27 21:40:23'),
(99, 0, 15, 'IPSXII', 'IPS', '003', '2020-11-27 21:40:23', '2020-11-27 21:40:23'),
(100, 12, 16, 'IPAX1', 'IPA', '001', '2020-11-27 21:40:44', '2020-11-27 21:41:06'),
(101, 11, 16, 'IPAX2', 'IPA', '001', '2020-11-27 21:40:46', '2020-11-27 21:41:10'),
(102, 0, 16, 'IPAXI1', 'IPA', '002', '2020-11-27 21:40:46', '2020-11-27 21:40:46'),
(103, 0, 16, 'IPAXI2', 'IPA', '002', '2020-11-27 21:40:48', '2020-11-27 21:40:48'),
(104, 0, 16, 'IPAXII', 'IPA', '003', '2020-11-27 21:40:49', '2020-11-27 21:40:49'),
(105, 0, 16, 'IPSX1', 'IPS', '001', '2020-11-27 21:40:51', '2020-11-27 21:40:51'),
(106, 0, 16, 'IPSX2', 'IPS', '001', '2020-11-27 21:40:51', '2020-11-27 21:40:51'),
(107, 0, 16, 'IPSXI', 'IPS', '002', '2020-11-27 21:40:51', '2020-11-27 21:40:51'),
(108, 0, 16, 'IPSXII', 'IPS', '003', '2020-11-27 21:40:51', '2020-11-27 21:40:51');

-- --------------------------------------------------------

--
-- Table structure for table `users`
--

CREATE TABLE `users` (
  `id` bigint(20) UNSIGNED NOT NULL,
  `nama_lengkap` varchar(255) COLLATE utf8mb4_unicode_ci NOT NULL,
  `email` varchar(255) COLLATE utf8mb4_unicode_ci NOT NULL,
  `email_verified_at` timestamp NULL DEFAULT NULL,
  `password` varchar(255) COLLATE utf8mb4_unicode_ci NOT NULL,
  `id_level_user` int(11) NOT NULL,
  `foto` varchar(255) COLLATE utf8mb4_unicode_ci DEFAULT NULL,
  `remember_token` varchar(100) COLLATE utf8mb4_unicode_ci DEFAULT NULL,
  `created_at` timestamp NULL DEFAULT NULL,
  `updated_at` timestamp NULL DEFAULT NULL
) ENGINE=InnoDB DEFAULT CHARSET=utf8mb4 COLLATE=utf8mb4_unicode_ci;

--
-- Dumping data for table `users`
--

INSERT INTO `users` (`id`, `nama_lengkap`, `email`, `email_verified_at`, `password`, `id_level_user`, `foto`, `remember_token`, `created_at`, `updated_at`) VALUES
(1, 'Admin', 'admin1@gmail.com', NULL, '$2y$10$PU5HUOqZ36swLIYRwzXLWeGV506DD5EK1J3YFmXAJ3/SgaMVRn.sm', 1, NULL, NULL, NULL, NULL),
(9, 'Moch Iksan. S.Pd', 'guru@gmail.com', NULL, '123123', 3, NULL, NULL, '2020-10-22 23:49:55', '2020-10-22 23:49:55'),
(10, 'Siswa', 'siswa1@gmail.com', NULL, '$2y$10$2.ORor5mjmAcO8.WL/2lDuCMFEzqd2gMwfqEwuR5WsWRdp7PmPfwC', 5, NULL, NULL, '2020-10-26 02:33:47', '2020-10-26 03:15:02'),
(11, 'Guru', 'guru1@gmail.com', NULL, '$2y$10$Z7q1zGX9b/00UAkjrjTGPOf4VGrzD7YQg0EmyQrQ0fwhPy9ELUoje', 3, NULL, NULL, '2020-10-26 06:48:53', '2020-10-26 06:48:53'),
(12, 'Siswa', 'siswa@gmail.com', NULL, 'eyJpdiI6IjVEZThrVU5FWU44ZnJ0SVd1REN6b3c9PSIsInZhbHVlIjoiR1o1RmZFaU1cL1A5ZDVHNlpIdVNQdGc9PSIsIm1hYyI6ImY1MTBjODNmYWI1ZDQ2MTI3OTI3Y2MyNjY0ZjlkYjk1ZDFlZDQ0YzA5MmRiNjMwN2Q4N2NlMzIwOGQyNTQzMmMifQ==', 5, NULL, NULL, NULL, NULL),
(13, 'Guru', 'guru@gmail.com', NULL, 'eyJpdiI6IlwvbTJ5Z3M3QUdScWVoMiswaHpMRVpBPT0iLCJ2YWx1ZSI6IlwvejQrVlNRM2N0Wjl4VUgyVGx5OFN3PT0iLCJtYWMiOiJkMDI4ODg3MDdmMWM2ZDViNGYwNTllZGU1ZjgyNDA5YTdhZDk3ODRlN2RlMjJlZTJjY2YzMmRhM2QyNjEzNTg3In0=', 3, NULL, NULL, NULL, NULL),
(15, 'Kepala Sekolah', 'kepsek@gmail.com', NULL, '$2y$10$l6I7eFQo959Ah/opo6p/9eM17Tj/Qx7lRIDwynlumMlME3Ju6MvP2', 6, NULL, NULL, NULL, '2020-10-28 01:50:48'),
(16, 'Keuangan', 'keuangan@gmail.com', NULL, '$2y$10$3voBftYMQ8vhB2.EG2xHYOlRDn87kIHy4JngVQBr9VNS8lcf8XSUa', 4, NULL, NULL, NULL, '2020-10-27 02:42:15'),
(17, 'Anak Baru', 'anakbaru@gmail.com', NULL, '$2y$10$tYTN59CuIFjlJzUcQIGGU.8S9.mN4iYAcZUwf1PTYkOoZvkwNkwfa', 4, 'Siswa/6ZOlBxob5gItXpvo9F3FHxesQMXilsMU5R9NAOoM.jpeg', NULL, '2020-10-27 01:54:35', '2020-10-28 00:53:54'),
(18, 'Walikelas', 'walikelas@gmail.com', NULL, '$2y$10$7Bz/r3lczhGJ3/TMzUX02.CfwpL5o6r.NkoL/sBaUS2bH9fDQHIEi', 3, NULL, NULL, '2020-11-21 23:36:58', '2020-11-21 23:36:58');

--
-- Indexes for dumped tables
--

--
-- Indexes for table `migrations`
--
ALTER TABLE `migrations`
  ADD PRIMARY KEY (`id`);

--
-- Indexes for table `password_resets`
--
ALTER TABLE `password_resets`
  ADD KEY `password_resets_email_index` (`email`);

--
-- Indexes for table `tabel_menu`
--
ALTER TABLE `tabel_menu`
  ADD PRIMARY KEY (`id`);

--
-- Indexes for table `tbl_agama`
--
ALTER TABLE `tbl_agama`
  ADD PRIMARY KEY (`kd_agama`);

--
-- Indexes for table `tbl_guru`
--
ALTER TABLE `tbl_guru`
  ADD PRIMARY KEY (`id_guru`);

--
-- Indexes for table `tbl_jadwal`
--
ALTER TABLE `tbl_jadwal`
  ADD PRIMARY KEY (`id_jadwal`);

--
-- Indexes for table `tbl_jurusan`
--
ALTER TABLE `tbl_jurusan`
  ADD PRIMARY KEY (`kd_jurusan`);

--
-- Indexes for table `tbl_kelas`
--
ALTER TABLE `tbl_kelas`
  ADD PRIMARY KEY (`kd_kelas`);

--
-- Indexes for table `tbl_kurikulum`
--
ALTER TABLE `tbl_kurikulum`
  ADD PRIMARY KEY (`id_kurikulum`);

--
-- Indexes for table `tbl_kurikulum_detail`
--
ALTER TABLE `tbl_kurikulum_detail`
  ADD PRIMARY KEY (`id_kurikulum_detail`);

--
-- Indexes for table `tbl_level_user`
--
ALTER TABLE `tbl_level_user`
  ADD PRIMARY KEY (`id_level_user`);

--
-- Indexes for table `tbl_mapel`
--
ALTER TABLE `tbl_mapel`
  ADD PRIMARY KEY (`kd_mapel`);

--
-- Indexes for table `tbl_nilai`
--
ALTER TABLE `tbl_nilai`
  ADD PRIMARY KEY (`id_nilai`);

--
-- Indexes for table `tbl_riwayat_kelas`
--
ALTER TABLE `tbl_riwayat_kelas`
  ADD PRIMARY KEY (`id_riwayat`);

--
-- Indexes for table `tbl_siswa`
--
ALTER TABLE `tbl_siswa`
  ADD PRIMARY KEY (`nis`);

--
-- Indexes for table `tbl_tahun_akademik`
--
ALTER TABLE `tbl_tahun_akademik`
  ADD PRIMARY KEY (`id_tahun_akademik`);

--
-- Indexes for table `tbl_tingkatan_kelas`
--
ALTER TABLE `tbl_tingkatan_kelas`
  ADD PRIMARY KEY (`kd_tingkatan`);

--
-- Indexes for table `tbl_user`
--
ALTER TABLE `tbl_user`
  ADD PRIMARY KEY (`id_user`);

--
-- Indexes for table `tbl_user_rules`
--
ALTER TABLE `tbl_user_rules`
  ADD PRIMARY KEY (`id_rule`);

--
-- Indexes for table `tbl_walikelas`
--
ALTER TABLE `tbl_walikelas`
  ADD PRIMARY KEY (`id_walikelas`);

--
-- Indexes for table `users`
--
ALTER TABLE `users`
  ADD PRIMARY KEY (`id`);

--
-- AUTO_INCREMENT for dumped tables
--

--
-- AUTO_INCREMENT for table `migrations`
--
ALTER TABLE `migrations`
  MODIFY `id` int(10) UNSIGNED NOT NULL AUTO_INCREMENT, AUTO_INCREMENT=32;

--
-- AUTO_INCREMENT for table `tabel_menu`
--
ALTER TABLE `tabel_menu`
  MODIFY `id` bigint(20) UNSIGNED NOT NULL AUTO_INCREMENT, AUTO_INCREMENT=26;

--
-- AUTO_INCREMENT for table `tbl_agama`
--
ALTER TABLE `tbl_agama`
  MODIFY `kd_agama` bigint(20) UNSIGNED NOT NULL AUTO_INCREMENT, AUTO_INCREMENT=7;

--
-- AUTO_INCREMENT for table `tbl_guru`
--
ALTER TABLE `tbl_guru`
  MODIFY `id_guru` bigint(20) UNSIGNED NOT NULL AUTO_INCREMENT, AUTO_INCREMENT=13;

--
-- AUTO_INCREMENT for table `tbl_jadwal`
--
ALTER TABLE `tbl_jadwal`
  MODIFY `id_jadwal` bigint(20) UNSIGNED NOT NULL AUTO_INCREMENT, AUTO_INCREMENT=116;

--
-- AUTO_INCREMENT for table `tbl_kurikulum`
--
ALTER TABLE `tbl_kurikulum`
  MODIFY `id_kurikulum` bigint(20) UNSIGNED NOT NULL AUTO_INCREMENT, AUTO_INCREMENT=5;

--
-- AUTO_INCREMENT for table `tbl_kurikulum_detail`
--
ALTER TABLE `tbl_kurikulum_detail`
  MODIFY `id_kurikulum_detail` bigint(20) UNSIGNED NOT NULL AUTO_INCREMENT, AUTO_INCREMENT=9;

--
-- AUTO_INCREMENT for table `tbl_level_user`
--
ALTER TABLE `tbl_level_user`
  MODIFY `id_level_user` bigint(20) UNSIGNED NOT NULL AUTO_INCREMENT, AUTO_INCREMENT=7;

--
-- AUTO_INCREMENT for table `tbl_nilai`
--
ALTER TABLE `tbl_nilai`
  MODIFY `id_nilai` bigint(20) UNSIGNED NOT NULL AUTO_INCREMENT, AUTO_INCREMENT=266;

--
-- AUTO_INCREMENT for table `tbl_riwayat_kelas`
--
ALTER TABLE `tbl_riwayat_kelas`
  MODIFY `id_riwayat` bigint(20) UNSIGNED NOT NULL AUTO_INCREMENT, AUTO_INCREMENT=439;

--
-- AUTO_INCREMENT for table `tbl_siswa`
--
ALTER TABLE `tbl_siswa`
  MODIFY `nis` bigint(20) UNSIGNED NOT NULL AUTO_INCREMENT, AUTO_INCREMENT=24627;

--
-- AUTO_INCREMENT for table `tbl_tahun_akademik`
--
ALTER TABLE `tbl_tahun_akademik`
  MODIFY `id_tahun_akademik` bigint(20) UNSIGNED NOT NULL AUTO_INCREMENT, AUTO_INCREMENT=17;

--
-- AUTO_INCREMENT for table `tbl_user`
--
ALTER TABLE `tbl_user`
  MODIFY `id_user` bigint(20) UNSIGNED NOT NULL AUTO_INCREMENT;

--
-- AUTO_INCREMENT for table `tbl_user_rules`
--
ALTER TABLE `tbl_user_rules`
  MODIFY `id_rule` bigint(20) UNSIGNED NOT NULL AUTO_INCREMENT, AUTO_INCREMENT=50;

--
-- AUTO_INCREMENT for table `tbl_walikelas`
--
ALTER TABLE `tbl_walikelas`
  MODIFY `id_walikelas` bigint(20) UNSIGNED NOT NULL AUTO_INCREMENT, AUTO_INCREMENT=109;

--
-- AUTO_INCREMENT for table `users`
--
ALTER TABLE `users`
  MODIFY `id` bigint(20) UNSIGNED NOT NULL AUTO_INCREMENT, AUTO_INCREMENT=19;
COMMIT;

/*!40101 SET CHARACTER_SET_CLIENT=@OLD_CHARACTER_SET_CLIENT */;
/*!40101 SET CHARACTER_SET_RESULTS=@OLD_CHARACTER_SET_RESULTS */;
/*!40101 SET COLLATION_CONNECTION=@OLD_COLLATION_CONNECTION */;
